PlayerId,NameFirst,NameLast,CurrentHandle,CountryCode,TotalUSDPrize,Game,Genre
3883,Peter,Rasmussen,dupreeh,DK,1822989.41,Counter-Strike: Global Offensive,First-Person Shooter
3679,Andreas,Højsleth,Xyp9x,DK,1799288.57,Counter-Strike: Global Offensive,First-Person Shooter
3885,Nicolai,Reedtz,dev1ce,DK,1787489.88,Counter-Strike: Global Offensive,First-Person Shooter
3672,Lukas,Rossander,gla1ve,DK,1652350.75,Counter-Strike: Global Offensive,First-Person Shooter
17800,Emil,Reif,Magisk,DK,1416448.64,Counter-Strike: Global Offensive,First-Person Shooter
16800,Jakey,Yip,Stewie2k,US,1087340,Counter-Strike: Global Offensive,First-Person Shooter
12183,Epitácio,de Melo,TACO,BR,1063858.27,Counter-Strike: Global Offensive,First-Person Shooter
12169,Fernando,Alvarenga,fer,BR,1063038.92,Counter-Strike: Global Offensive,First-Person Shooter
2455,Gabriel,Toledo,FalleN,BR,1059938.92,Counter-Strike: Global Offensive,First-Person Shooter
12182,Marcelo,David,coldzera,BR,1021901.46,Counter-Strike: Global Offensive,First-Person Shooter
10629,Keith,Markovic,NAF,CA,982765.66,Counter-Strike: Global Offensive,First-Person Shooter
2452,Finn,Andersen,karrigan,DK,964635.39,Counter-Strike: Global Offensive,First-Person Shooter
11788,Jonathan,Jablonowski,ELiGE,US,930696.42,Counter-Strike: Global Offensive,First-Person Shooter
8635,Nick,Cannella,nitr0,US,920151.73,Counter-Strike: Global Offensive,First-Person Shooter
3875,Jesper,Wecksell,JW,SE,897760.68,Counter-Strike: Global Offensive,First-Person Shooter
5001,Olof,Kajbjer,olofmeister,SE,880011.52,Counter-Strike: Global Offensive,First-Person Shooter
3878,Robin,Rönnquist,flusha,SE,877668.95,Counter-Strike: Global Offensive,First-Person Shooter
5000,Freddy,Johansson,KRiMZ,SE,867823.34,Counter-Strike: Global Offensive,First-Person Shooter
20415,Russel,Van Dulken,Twistzz,CA,835376.43,Counter-Strike: Global Offensive,First-Person Shooter
3888,Dan,Madesclaire,apEX,FR,814852.39,Counter-Strike: Global Offensive,First-Person Shooter
3290,Nathan,Schmitt,NBK,FR,805444.66,Counter-Strike: Global Offensive,First-Person Shooter
3882,Ladislav,Kovács,GuardiaN,SK,798520.8,Counter-Strike: Global Offensive,First-Person Shooter
10630,Tarik,Celik,tarik,US,780039.21,Counter-Strike: Global Offensive,First-Person Shooter
5483,Håvard,Nygaard,rain,NO,763799.57,Counter-Strike: Global Offensive,First-Person Shooter
5783,Nikola,Kovač,NiKo,BA,762802.56,Counter-Strike: Global Offensive,First-Person Shooter
8168,Egor,Vasilyev,flamie,RU,732920.07,Counter-Strike: Global Offensive,First-Person Shooter
3289,Kenny,Schrub,kennyS,FR,713086.68,Counter-Strike: Global Offensive,First-Person Shooter
1511,Daniil,Teslenko,Zeus,UA,689568.7,Counter-Strike: Global Offensive,First-Person Shooter
8169,Alexander,Kostylev,s1mple,UA,677155.31,Counter-Strike: Global Offensive,First-Person Shooter
3881,Richard,Papillon,shox,FR,660640.55,Counter-Strike: Global Offensive,First-Person Shooter
4998,Janusz,Pogorzelski,snax,PL,653938.44,Counter-Strike: Global Offensive,First-Person Shooter
10736,Markus,Kjærbye,Kjaerbye,DK,617000.5,Counter-Strike: Global Offensive,First-Person Shooter
1510,Ioann,Sukharev,Edward,UA,613854.6,Counter-Strike: Global Offensive,First-Person Shooter
1485,Filip,Kubski,neo,PL,606880.52,Counter-Strike: Global Offensive,First-Person Shooter
3951,Chris,de Jong,chrisJ,NL,596748.79,Counter-Strike: Global Offensive,First-Person Shooter
1484,Wiktor,Wojtas,TaZ,PL,591510.89,Counter-Strike: Global Offensive,First-Person Shooter
4311,Will,Wierzba,Rush,US,586616,Counter-Strike: Global Offensive,First-Person Shooter
1488,Jarosław,Jarząbkowski,pashaBiceps,PL,577382.35,Counter-Strike: Global Offensive,First-Person Shooter
4997,Paweł,Bieliński,byali,PL,574103.56,Counter-Strike: Global Offensive,First-Person Shooter
1490,Patrik,Lindberg,f0rest,SE,547205.97,Counter-Strike: Global Offensive,First-Person Shooter
16267,Denis,Sharipov,electroNic,RU,531541.99,Counter-Strike: Global Offensive,First-Person Shooter
1492,Christopher,Alesund,GeT_RiGhT,SE,517888.39,Counter-Strike: Global Offensive,First-Person Shooter
2440,Richard,Landström,Xizt,SE,513805.74,Counter-Strike: Global Offensive,First-Person Shooter
31594,Robin,Kool,ropz,EE,506010.74,Counter-Strike: Global Offensive,First-Person Shooter
3293,Cédric,Guipouy,RpK,FR,498887.62,Counter-Strike: Global Offensive,First-Person Shooter
3889,Vincent,Schopenhauer,Happy,FR,485910.46,Counter-Strike: Global Offensive,First-Person Shooter
11483,Peter,Jarguz,stanislaw,CA,481487.38,Counter-Strike: Global Offensive,First-Person Shooter
12859,Jonas,Olofsson,Lekr0,SE,464499.26,Counter-Strike: Global Offensive,First-Person Shooter
11938,Timothy,Ta,autimatic,US,449799.56,Counter-Strike: Global Offensive,First-Person Shooter
28556,Maikil,Selim,Golden,SE,448642.48,Counter-Strike: Global Offensive,First-Person Shooter
3752,Tyler,Latham,Skadoodle,US,437479.98,Counter-Strike: Global Offensive,First-Person Shooter
2450,Aleksi,Jalli,allu,FI,418492.59,Counter-Strike: Global Offensive,First-Person Shooter
4996,Renè,Borg,cajunb,DK,417465.86,Counter-Strike: Global Offensive,First-Person Shooter
3676,Dauren,Kystaubayev,AdreN,KZ,414305.65,Counter-Strike: Global Offensive,First-Person Shooter
3287,Adam,Friberg,friberg,SE,407662.41,Counter-Strike: Global Offensive,First-Person Shooter
18811,Kristian,Wienecke,k0nfig,DK,403005.81,Counter-Strike: Global Offensive,First-Person Shooter
28489,Vincent,Cayonte,Brehze,US,391973.94,Counter-Strike: Global Offensive,First-Person Shooter
29711,Ethan,Arnold,nahtE,US,389680.38,Counter-Strike: Global Offensive,First-Person Shooter
2456,Lincoln,Lau,fnx,BR,387551.81,Counter-Strike: Global Offensive,First-Person Shooter
12179,Ricardo,Prass,boltz,BR,382208.97,Counter-Strike: Global Offensive,First-Person Shooter
3998,Fabien,Fiey,KIOSHIMA,FR,378500.99,Counter-Strike: Global Offensive,First-Person Shooter
30622,Cvetelin,Nikolov,CeRq,BG,375765.04,Counter-Strike: Global Offensive,First-Person Shooter
2494,Dennis,Edman,dennis,SE,361678.02,Counter-Strike: Global Offensive,First-Person Shooter
3673,Mathias,Lauridsen,MSL,DK,349557.33,Counter-Strike: Global Offensive,First-Person Shooter
4587,Denis,Kostin,seized,RU,339091.34,Counter-Strike: Global Offensive,First-Person Shooter
5472,Tomáš,Šťastný,oskar,CZ,335508.19,Counter-Strike: Global Offensive,First-Person Shooter
31001,Mathieu,Herbaut,ZywOo,FR,333711.15,Counter-Strike: Global Offensive,First-Person Shooter
5035,Philip,Aistrup,aizy,DK,332671.67,Counter-Strike: Global Offensive,First-Person Shooter
5499,Miikka,Kemppi,suNny,FI,326080,Counter-Strike: Global Offensive,First-Person Shooter
17801,Valdemar,Vangså,Valde,DK,323423.04,Counter-Strike: Global Offensive,First-Person Shooter
12173,João,Vasconcellos,felps,BR,323127.22,Counter-Strike: Global Offensive,First-Person Shooter
1494,Mikhail,Stolyarov,Dosia,RU,307601.25,Counter-Strike: Global Offensive,First-Person Shooter
13134,Can,Dörtkardes,XANTARES,TR,307129.97,Counter-Strike: Global Offensive,First-Person Shooter
9565,Alexandre,Pianaro,bodyy,FR,306178.43,Counter-Strike: Global Offensive,First-Person Shooter
5433,Martin,Styk,STYKO,SK,305655.12,Counter-Strike: Global Offensive,First-Person Shooter
19595,Özgür,Eker,woxic,TR,302884.33,Counter-Strike: Global Offensive,First-Person Shooter
21291,Fredrik,Sterner,REZ,SE,284845.29,Counter-Strike: Global Offensive,First-Person Shooter
20813,Aleksi,Virolainen,Aleksib,FI,276730.92,Counter-Strike: Global Offensive,First-Person Shooter
39608,Alexey,Golubev,Qikert,KZ,275404.13,Counter-Strike: Global Offensive,First-Person Shooter
10191,Rustem,Tlepov,mou,KZ,273859.49,Counter-Strike: Global Offensive,First-Person Shooter
35378,Timur,Tulepov,Buster,KZ,273784.13,Counter-Strike: Global Offensive,First-Person Shooter
35077,Ali,Dzhami,Jame,RU,273117.72,Counter-Strike: Global Offensive,First-Person Shooter
2529,Christophe,Xia,SIXER,FR,272602,Counter-Strike: Global Offensive,First-Person Shooter
25121,Abay,Khasenov,HObbit,KZ,269977.5,Counter-Strike: Global Offensive,First-Person Shooter
3291,Edouard,Dubourdeaux,SmithZz,FR,269446.78,Counter-Strike: Global Offensive,First-Person Shooter
24832,David,Čerňanský,frozen,SK,265131.4,Counter-Strike: Global Offensive,First-Person Shooter
38456,Valentin,Vasilev,poiz0n,BG,260987.54,Counter-Strike: Global Offensive,First-Person Shooter
10627,Damian,Steele,daps,CA,260797.63,Counter-Strike: Global Offensive,First-Person Shooter
3576,Simon,Eliasson,twist,SE,260721.09,Counter-Strike: Global Offensive,First-Person Shooter
12170,Henrique,Teles,hen1,BR,256374.45,Counter-Strike: Global Offensive,First-Person Shooter
3678,Adil,Benrlitom,ScreaM,BE,249663.46,Counter-Strike: Global Offensive,First-Person Shooter
7789,Oscar,Cañellas,mixwell,ES,247538.65,Counter-Strike: Global Offensive,First-Person Shooter
3952,Johannes,Wodarz,tabseN,DE,247248.57,Counter-Strike: Global Offensive,First-Person Shooter
10294,Alex,McMeekin,ALEX,GB,245208.72,Counter-Strike: Global Offensive,First-Person Shooter
8968,Damian,Kisłowski,Furlan,PL,244070.27,Counter-Strike: Global Offensive,First-Person Shooter
12156,HaoWen,Xu,somebody,CN,242273.51,Counter-Strike: Global Offensive,First-Person Shooter
2484,Jordan,Gilbert,n0thing,US,239956.42,Counter-Strike: Global Offensive,First-Person Shooter
10134,Karol,Rodowicz,rallen,PL,234332.17,Counter-Strike: Global Offensive,First-Person Shooter
17622,Francois,Delaunay,Amanek,FR,233210.47,Counter-Strike: Global Offensive,First-Person Shooter
49029,Sanjar,Kuliev,SANJI,UZ,232167.42,Counter-Strike: Global Offensive,First-Person Shooter
3304,Johan,Sundstein,N0tail,DK,6952596.58,Dota 2,Multiplayer Online Battle Arena
3822,Jesse,Vainikka,JerAx,FI,6470000.02,Dota 2,Multiplayer Online Battle Arena
30451,Anathan,Pham,ana,AU,6000411.96,Dota 2,Multiplayer Online Battle Arena
2811,Sébastien,Debs,Ceb,FR,5554297.41,Dota 2,Multiplayer Online Battle Arena
18897,Topias,Taavitsainen,Topson,FI,5470902.57,Dota 2,Multiplayer Online Battle Arena
3145,Kuro,Takhasomi,KuroKy,DE,5193382.81,Dota 2,Multiplayer Online Battle Arena
14671,Amer,Al-Barkawi,Miracle-,JO,4798043.68,Dota 2,Multiplayer Online Battle Arena
12579,Ivan,Ivanov,MinD_ContRoL,BG,4579118.16,Dota 2,Multiplayer Online Battle Arena
25335,Maroun,Merhej,GH,LB,4193412.69,Dota 2,Multiplayer Online Battle Arena
12133,Lasse,Urpalainen,Matumbaman,FI,3765369.04,Dota 2,Multiplayer Online Battle Arena
14196,Sumail,Hassan,SumaiL,PK,3608317.34,Dota 2,Multiplayer Online Battle Arena
2615,Saahil,Arora,UNiVeRsE,US,3057237.67,Dota 2,Multiplayer Online Battle Arena
5194,Peter,Dager,ppd,US,2995619.62,Dota 2,Multiplayer Online Battle Arena
10188,Lu,Yao,Somnus丶M,CN,2984982.14,Dota 2,Multiplayer Online Battle Arena
4033,Linsen,Xu,fy,CN,2894690.34,Dota 2,Multiplayer Online Battle Arena
2578,Clement,Ivanov,Puppey,EE,2864004.17,Dota 2,Multiplayer Online Battle Arena
2610,Clinton,Loomis,Fear,US,2551657.34,Dota 2,Multiplayer Online Battle Arena
3524,Gustav,Magnusson,s4,SE,2545626.14,Dota 2,Multiplayer Online Battle Arena
5195,Ludwig,Wåhlberg,Zai,SE,2504134.31,Dota 2,Multiplayer Online Battle Arena
3305,Tal,Aizik,Fly,IL,2381155.91,Dota 2,Multiplayer Online Battle Arena
13080,Aliwi,Omar,w33,RO,2275625.58,Dota 2,Multiplayer Online Battle Arena
4028,Artour,Babaev,Arteezy,CA,2257053.21,Dota 2,Multiplayer Online Battle Arena
26665,Chunyu,Wang,Ame,CN,2244012.27,Dota 2,Multiplayer Online Battle Arena
10712,Zhang,Yiping,y`,CN,2097095.28,Dota 2,Multiplayer Online Battle Arena
26513,Zhang,Ruida,Faith_bian,CN,2078534.86,Dota 2,Multiplayer Online Battle Arena
9515,Andreas,Nielsen,Cr1t,DK,2007841.6,Dota 2,Multiplayer Online Battle Arena
3256,Kurtis,Ling,Aui_2000,CA,2006311.11,Dota 2,Multiplayer Online Battle Arena
14238,Peng,Li,iceice,CN,2002159.51,Dota 2,Multiplayer Online Battle Arena
26512,Chu,Zeyu,Shadow,CN,1982225.7,Dota 2,Multiplayer Online Battle Arena
10711,Zhou,Yang,bLink,CN,1960956.47,Dota 2,Multiplayer Online Battle Arena
22207,Jianwei,Yap,xNova,MY,1882492.98,Dota 2,Multiplayer Online Battle Arena
33561,Shenyi,Yang,Chalice,CN,1848849.88,Dota 2,Multiplayer Online Battle Arena
2596,Ning,Zhang,xiao8,CN,1830094.33,Dota 2,Multiplayer Online Battle Arena
15530,Damien,Chok,kpii,AU,1809225.3,Dota 2,Multiplayer Online Battle Arena
16814,Roman,Kushnarev,RAMZES666,RU,1787796.92,Dota 2,Multiplayer Online Battle Arena
10080,Liangzhi,Hu,KaKa,CN,1787083.53,Dota 2,Multiplayer Online Battle Arena
27134,Yeik Nai,Zheng,MidOne,MY,1781891.47,Dota 2,Multiplayer Online Battle Arena
3773,Alexei,Berezin,Solo,RU,1778125.61,Dota 2,Multiplayer Online Battle Arena
3146,Zhihao,Chen,Hao,CN,1755205.74,Dota 2,Multiplayer Online Battle Arena
3168,Hongda,Zeng,Faith,CN,1745944.26,Dota 2,Multiplayer Online Battle Arena
13322,Pavel,Khvastunov,9pasha,RU,1713179.57,Dota 2,Multiplayer Online Battle Arena
13323,Vladimir,Minenko,Noone,UA,1617323.45,Dota 2,Multiplayer Online Battle Arena
3161,Junhao,Xie,Super,CN,1598492.49,Dota 2,Multiplayer Online Battle Arena
1949,Daryl Pei Xiang,Koh,iceiceice,SG,1553261.96,Dota 2,Multiplayer Online Battle Arena
14672,Yazied,Jaradat,YapzOr,JO,1533698.67,Dota 2,Multiplayer Online Battle Arena
2589,Rasmus,Fillipsen,MiSeRy,DK,1484921.92,Dota 2,Multiplayer Online Battle Arena
3946,Roman,Fominok,Resolut1on,UA,1460470.75,Dota 2,Multiplayer Online Battle Arena
4030,Chao,Lu,Fenrir,CN,1402208.92,Dota 2,Multiplayer Online Battle Arena
3147,Pan,Zhang,Mu,CN,1386339.43,Dota 2,Multiplayer Online Battle Arena
2582,Zhicheng,Zhang,LaNm,CN,1348804.67,Dota 2,Multiplayer Online Battle Arena
2598,Fa Ming,Liang,DDC,MO,1337308.37,Dota 2,Multiplayer Online Battle Arena
28142,Vladimir,Nikogosyan,RodjER,RU,1325834.13,Dota 2,Multiplayer Online Battle Arena
3690,Adrian,Trinks,FATA,DE,1314968.82,Dota 2,Multiplayer Online Battle Arena
19382,Chun,Song,Sccc,CN,1272450.74,Dota 2,Multiplayer Online Battle Arena
3813,Wang,Jiao,Banana,CN,1271085,Dota 2,Multiplayer Online Battle Arena
10722,Xu,Han,Moogy,CN,1221917.1,Dota 2,Multiplayer Online Battle Arena
3163,Jiajun,Liu,Sylar,CN,1212757.14,Dota 2,Multiplayer Online Battle Arena
21950,Ren,Yangwei,eLeVeN,CN,1211710.47,Dota 2,Multiplayer Online Battle Arena
2594,Zhaohui,Wang,SanSheng,CN,1202225.88,Dota 2,Multiplayer Online Battle Arena
3164,Zhengzheng,Yao,Yao,CN,1186002.61,Dota 2,Multiplayer Online Battle Arena
2581,Zengrong,Lei,MMY!,CN,1100271.44,Dota 2,Multiplayer Online Battle Arena
12671,Bin,Fu,Q,CN,1081544.74,Dota 2,Multiplayer Online Battle Arena
19074,Martin,Sazdov,Saksa,MK,1046689.75,Dota 2,Multiplayer Online Battle Arena
3151,Yee Fung,Chai,Mushi,MY,1023582.18,Dota 2,Multiplayer Online Battle Arena
30684,Chengjun,Zhang,Paparazi,CN,1001723.8,Dota 2,Multiplayer Online Battle Arena
4027,Johan,Åström,pieliedie,SE,989390.86,Dota 2,Multiplayer Online Battle Arena
3522,Jacky,Mao,EternaLEnVy,CA,987072.69,Dota 2,Multiplayer Online Battle Arena
17765,Michał,Jankowski,Nisha,PL,933853.71,Dota 2,Multiplayer Online Battle Arena
11722,Ilya,Ilyuk,Lil,UA,917449.86,Dota 2,Multiplayer Online Battle Arena
12672,Zheng,Sun,Agressif,CN,871452.21,Dota 2,Multiplayer Online Battle Arena
3157,Zhilei,Xu,BurNIng,CN,865656.21,Dota 2,Multiplayer Online Battle Arena
9839,David,Tan,MoonMeander,CA,845345.4,Dota 2,Multiplayer Online Battle Arena
28739,Jiaoyang,Zeng,Ori,CN,830696.89,Dota 2,Multiplayer Online Battle Arena
18220,David,Hull,Moo,US,822916.86,Dota 2,Multiplayer Online Battle Arena
17872,Haiyang,Zhou,Yang,CN,821961.68,Dota 2,Multiplayer Online Battle Arena
30452,Peng,Du,Monet,CN,813169.73,Dota 2,Multiplayer Online Battle Arena
2574,Danil,Ishutin,Dendi,UA,801915.23,Dota 2,Multiplayer Online Battle Arena
5221,Djardel Jicko,Mampusti,DJ,PH,798597.31,Dota 2,Multiplayer Online Battle Arena
12784,Tue Soon,Chuan,Ah-fu,MY,781396.55,Dota 2,Multiplayer Online Battle Arena
3160,Fan,Bai,rOtK,CN,780761.31,Dota 2,Multiplayer Online Battle Arena
30782,Timothy,Randrup,Tims,PH,770563.75,Dota 2,Multiplayer Online Battle Arena
9514,Marcus,Hoelgaard,Ace,DK,734369.52,Dota 2,Multiplayer Online Battle Arena
3167,Hock Chuan,Wong,ChuaN,MY,714049.53,Dota 2,Multiplayer Online Battle Arena
17200,Kuku,Palad,KuKU,PH,710464.63,Dota 2,Multiplayer Online Battle Arena
10718,Xinzhou,Liu,garder,CN,705536.2,Dota 2,Multiplayer Online Battle Arena
3141,Jonathan,Berg,Loda,SE,698363.52,Dota 2,Multiplayer Online Battle Arena
11868,Zezhi,Chen,Xz,CN,692327.42,Dota 2,Multiplayer Online Battle Arena
3724,Jerry,Lundqvist,EGM,SE,679039.12,Dota 2,Multiplayer Online Battle Arena
2576,Oleksandr,Dashkevych,XBOCT,UA,661271.48,Dota 2,Multiplayer Online Battle Arena
15754,Jiwei,Huang,Shiki,CN,653514.33,Dota 2,Multiplayer Online Battle Arena
3140,Joakim,Akterhall,Akke,SE,643143.08,Dota 2,Multiplayer Online Battle Arena
30686,Pan,Yi,Fade,CN,641178.98,Dota 2,Multiplayer Online Battle Arena
3523,Henrik,Ahnberg,AdmiralBulldog,SE,638938.79,Dota 2,Multiplayer Online Battle Arena
27814,Marc Polo,Luis Fausto,Raven,PH,609393.1,Dota 2,Multiplayer Online Battle Arena
4885,Yong Min,Kim,Febby,KR,602221.88,Dota 2,Multiplayer Online Battle Arena
10074,Yongzheng,He,Inflame,CN,601854.15,Dota 2,Multiplayer Online Battle Arena
44114,Cong,Ding,Dy,CN,594922.51,Dota 2,Multiplayer Online Battle Arena
4888,Sunyeob,Kim,QO,KR,591322.79,Dota 2,Multiplayer Online Battle Arena
3586,Artem,Barshack,fng,BY,591271.39,Dota 2,Multiplayer Online Battle Arena
4883,Noah,Pyo,MP,KR,591176.77,Dota 2,Multiplayer Online Battle Arena
3832,Sang Hyeok,Lee,Faker,KR,1257615.87,League of Legends,Multiplayer Online Battle Arena
6466,Ho Seong,Lee,Duke,KR,954620.62,League of Legends,Multiplayer Online Battle Arena
3636,Jun Sik,Bae,Bang,KR,915451.46,League of Legends,Multiplayer Online Battle Arena
3836,Jae Wan,Lee,Wolf,KR,913084.7,League of Legends,Multiplayer Online Battle Arena
3831,Seong Ung,Bae,Bengi,KR,810683,League of Legends,Multiplayer Online Battle Arena
34362,Wen Bo,Yu,JackeyLove,CN,682248.64,League of Legends,Multiplayer Online Battle Arena
6013,Eui Jin,Song,Rookie,KR,610445.7,League of Legends,Multiplayer Online Battle Arena
28734,Zhen Ning,Gao,Ning,CN,566607.87,League of Legends,Multiplayer Online Battle Arena
18904,Sun Gu,Kang,Blank,KR,559518.75,League of Legends,Multiplayer Online Battle Arena
10925,Jo,Yong-in,CoreJJ,KR,556087.84,League of Legends,Multiplayer Online Battle Arena
2749,Chan Yong,Kang,Ambition,KR,553234.2,League of Legends,Multiplayer Online Battle Arena
34363,Liu Yi,Wang,Baolan,CN,548235.82,League of Legends,Multiplayer Online Battle Arena
4038,Zihao,Jian,Uzi,CN,545447.56,League of Legends,Multiplayer Online Battle Arena
11154,Hau Hsuan,Hung,Karsa,TW,538926.12,League of Legends,Multiplayer Online Battle Arena
39166,Dong Geun,Kang,TheShy,KR,538444.86,League of Legends,Multiplayer Online Battle Arena
3830,Se Hyeong,Cho,Mata,KR,533979.52,League of Legends,Multiplayer Online Battle Arena
28954,Jae Hyuk,Park,Ruler,KR,526957.64,League of Legends,Multiplayer Online Battle Arena
2762,Jung,Eon-yeong,Impact,KR,515306.14,League of Legends,Multiplayer Online Battle Arena
17101,Yuan Hao,Li,xiaohu,CN,507800.58,League of Legends,Multiplayer Online Battle Arena
14599,Seong Jin,Lee,CuVee,KR,488379.08,League of Legends,Multiplayer Online Battle Arena
12186,Min Ho,Lee,Crown,KR,483747.81,League of Legends,Multiplayer Online Battle Arena
15792,Wang Ho,Han,Peanut,KR,479060.15,League of Legends,Multiplayer Online Battle Arena
11698,Shi Yu,Liu,Mlxg,CN,472216.01,League of Legends,Multiplayer Online Battle Arena
8924,Luka,Perković,PerkZ,HR,471280.47,League of Legends,Multiplayer Online Battle Arena
3386,Kai,Ming,ClearLove,CN,471086.78,League of Legends,Multiplayer Online Battle Arena
12466,Rasmus,Winther,Caps,DK,458259.05,League of Legends,Multiplayer Online Battle Arena
4509,Won Seok,Heo,PawN,KR,440580.94,League of Legends,Multiplayer Online Battle Arena
3554,Martin,Larsson,Rekkles,SE,438830.14,League of Legends,Multiplayer Online Battle Arena
1863,Paul,Boyer,sOAZ,FR,422314.79,League of Legends,Multiplayer Online Battle Arena
3843,Hyuk Kyu,Kim,Deft,KR,409144.64,League of Legends,Multiplayer Online Battle Arena
4584,Marcin,Jankowski,Jankos,PL,403320.75,League of Legends,Multiplayer Online Battle Arena
28735,Sen Ming,Shi,Ming,CN,379664.5,League of Legends,Multiplayer Online Battle Arena
3176,Jong In,Kim,PraY,KR,374778.08,League of Legends,Multiplayer Online Battle Arena
13882,Jun Ze,Yan,letme,CN,360201.28,League of Legends,Multiplayer Online Battle Arena
31016,Min Seung,Kang,Haru,KR,348691.73,League of Legends,Multiplayer Online Battle Arena
14665,Seung Hoon,Heo,Huni,KR,347699.25,League of Legends,Multiplayer Online Battle Arena
4629,Hyeong Seok,Jang,Looper,KR,346307.48,League of Legends,Multiplayer Online Battle Arena
12663,Ye,Tian,Meiko,CN,337832.12,League of Legends,Multiplayer Online Battle Arena
4634,Shuo Jie,Hu,SwordArt,TW,337163.36,League of Legends,Multiplayer Online Battle Arena
10470,Martin,Hansen,Wunder,DK,336306.24,League of Legends,Multiplayer Online Battle Arena
16021,Tae Sang,Kim,doinb,KR,330849.29,League of Legends,Multiplayer Online Battle Arena
4469,Beom Hyeon,Kang,GorillA,KR,329318.02,League of Legends,Multiplayer Online Battle Arena
8651,Zdravec,Gulubov,Hylissang,BG,325910.24,League of Legends,Multiplayer Online Battle Arena
3513,Seung Bin,Gu,imp,KR,318379.81,League of Legends,Multiplayer Online Battle Arena
11612,Mads,Brock-Pedersen,Broxah,DK,313654.08,League of Legends,Multiplayer Online Battle Arena
1853,Peter,Peng,Doublelift,US,306475.81,League of Legends,Multiplayer Online Battle Arena
3664,Kyung Ho,Song,Smeb,KR,300818.81,League of Legends,Multiplayer Online Battle Arena
27588,Gabriël,Rau,Bwipo,BE,287279.5,League of Legends,Multiplayer Online Battle Arena
3374,Bo Wei,Cheng,bebe,TW,286115.32,League of Legends,Multiplayer Online Battle Arena
3769,Zachary,Scuderi,Sneaky,US,282456.48,League of Legends,Multiplayer Online Battle Arena
3512,In Kyu,Choi,DanDy,KR,281150.19,League of Legends,Multiplayer Online Battle Arena
29096,Wei Xiang,Lin,Lwx,CN,271901.75,League of Legends,Multiplayer Online Battle Arena
41044,Tian Liang,Gao,Tian,CN,268282.03,League of Legends,Multiplayer Online Battle Arena
4473,Seo Haeng,Lee,kurO,KR,267646.88,League of Legends,Multiplayer Online Battle Arena
6017,Han Saem,Kim,GimGoon,KR,266509.03,League of Legends,Multiplayer Online Battle Arena
41414,Qing Song,Liu,Crisp,CN,265601.98,League of Legends,Multiplayer Online Battle Arena
3833,Gwang Jin,Chae,Piglet,KR,265429.15,League of Legends,Multiplayer Online Battle Arena
8706,Nicolaj,Jensen,Jensen,DK,265283.06,League of Legends,Multiplayer Online Battle Arena
8770,Yang,Tong,Koro1,CN,260755.41,League of Legends,Multiplayer Online Battle Arena
2992,Jake,Puchero,Xmithie,PH,260170.9,League of Legends,Multiplayer Online Battle Arena
3555,Dennis,Johnsen,Svenskeren,DK,257257.41,League of Legends,Multiplayer Online Battle Arena
3834,Jeong Hyeon,Lee,PoohManDu,KR,256771.39,League of Legends,Multiplayer Online Battle Arena
3859,Alfonso,Aguirre Rodriguez,Mithy,ES,252718.89,League of Legends,Multiplayer Online Battle Arena
6132,Jesper,Svenningsen,Zven,DK,250580.01,League of Legends,Multiplayer Online Battle Arena
3556,Søren,Bjerg,Bjergsen,DK,250222.7,League of Legends,Multiplayer Online Battle Arena
3842,Ji Hoon,Lee,Easyhoon,KR,249497.86,League of Legends,Multiplayer Online Battle Arena
24979,Ye Chan,Lee,Scout,KR,242290.45,League of Legends,Multiplayer Online Battle Arena
4632,Yi Tang,Huang,Maple,TW,240437.63,League of Legends,Multiplayer Online Battle Arena
8931,Dong Ha,Kim,Khan,KR,232418.28,League of Legends,Multiplayer Online Battle Arena
3634,Kyung Sup,Yoon,Zero,KR,229438.65,League of Legends,Multiplayer Online Battle Arena
3371,June Tsan,Wang,Stanley,TW,225522.01,League of Legends,Multiplayer Online Battle Arena
3373,Kurtis Wai Kin,Lau,Toyz,HK,224722.01,League of Legends,Multiplayer Online Battle Arena
11933,Mihael,Mehle,Mikyx,SI,220292.5,League of Legends,Multiplayer Online Battle Arena
6474,Gyeong Hwan,Jang,MaRin,KR,219660.3,League of Legends,Multiplayer Online Battle Arena
3372,Kuan Po,Sung,Lilballz,TW,217429.72,League of Legends,Multiplayer Online Battle Arena
3375,Hui Chung,Chen,MiSTakE,TW,216539.83,League of Legends,Multiplayer Online Battle Arena
6058,Han Wei,Su,xiye,CN,206587.79,League of Legends,Multiplayer Online Battle Arena
13185,Yu Hao,Chen,Mouse,CN,198089.09,League of Legends,Multiplayer Online Battle Arena
3384,Zhihao,Liu,Zzitai,CN,191889.12,League of Legends,Multiplayer Online Battle Arena
6472,Sung Joon,Jin,Mystic,KR,189265.81,League of Legends,Multiplayer Online Battle Arena
3178,Dong Bin,Go,Score,KR,185512.99,League of Legends,Multiplayer Online Battle Arena
3177,Sang Ook,Yoo,Ryu,KR,184100.69,League of Legends,Multiplayer Online Battle Arena
1861,Bora,Kim,YellOwStaR,FR,183976.33,League of Legends,Multiplayer Online Battle Arena
27718,Bo Seong,Gwak,Bdd,KR,182877.42,League of Legends,Multiplayer Online Battle Arena
2989,Jason,Tran,WildTurtle,CA,182066.13,League of Legends,Multiplayer Online Battle Arena
37699,Ding,Zhuo,Knight,CN,180858.29,League of Legends,Multiplayer Online Battle Arena
20017,Gang Yun,Kim,Trick,KR,177780.23,League of Legends,Multiplayer Online Battle Arena
29501,Yu Hung,Lu,Betty,TW,177478.08,League of Legends,Multiplayer Online Battle Arena
59916,Su,Heo,ShowMaker,KR,177331.43,League of Legends,Multiplayer Online Battle Arena
37918,Ha Gwon,Jang,Nuguri,KR,176983.88,League of Legends,Multiplayer Online Battle Arena
59915,Geon Bu,Kim,Canyon,KR,174361.72,League of Legends,Multiplayer Online Battle Arena
56731,Jia Hao,Bai,369,CN,173098.69,League of Legends,Multiplayer Online Battle Arena
41209,Geon Hee,Cho,BeryL,KR,170911.34,League of Legends,Multiplayer Online Battle Arena
21629,Dong Wook,Lee,LokeN,KR,170679.58,League of Legends,Multiplayer Online Battle Arena
1892,Enrique,Cedeño Martinez,xPeke,ES,166127.4,League of Legends,Multiplayer Online Battle Arena
8936,Dae Han,Gi,Expect,KR,165169.85,League of Legends,Multiplayer Online Battle Arena
3387,Zhuojun,Feng,Fzzf,CN,164821.18,League of Legends,Multiplayer Online Battle Arena
17103,Ren Jie,Xiang,Condi,CN,161938.75,League of Legends,Multiplayer Online Battle Arena
6633,Petter,Freyschuss,Hjärnan,SE,160818.8,League of Legends,Multiplayer Online Battle Arena
13186,Chang Yu,Ke,957,CN,159402.36,League of Legends,Multiplayer Online Battle Arena
56483,Kyle,Giersdorf,Bugha,US,3141395.05,Fortnite,Battle Royale
59528,David,Wang,Aqua,AT,1923774.23,Fortnite,Battle Royale
25047,Harrison,Chang,psalm,US,1873138.8,Fortnite,Battle Royale
54656,Emil,Bergquist Pedersen,Nyhrox,NO,1536845.69,Fortnite,Battle Royale
61948,Shane,Cotton,EpikWhale,US,1349767.32,Fortnite,Battle Royale
67334,Jaden,Ashman,Wolfiez,GB,1331128.07,Fortnite,Battle Royale
55139,Dave,Jong,Rojo,NL,1213576.66,Fortnite,Battle Royale
51948,Nate,Kou,Kreo,HK,1200043.07,Fortnite,Battle Royale
51578,Williams,Aubin,Zayt,CA,1186189.75,Fortnite,Battle Royale
51883,Rocco,Morales,Saf,US,1126345.35,Fortnite,Battle Royale
51940,Davis,McClellan,Ceice,US,1109880.47,Fortnite,Battle Royale
61896,Thiago,Lapp,kinG,AR,1021000,Fortnite,Battle Royale
51885,Hayden,Krueger,Elevate,US,991583.2,Fortnite,Battle Royale
49566,Clément,Danglot,Skite,FR,850264.02,Fortnite,Battle Royale
51611,Dmitri,Van de Vrie,Mitr0,NL,775574.81,Fortnite,Battle Royale
62314,Theo,Ferrer,Crue,SE,715350,Fortnite,Battle Royale
50421,Kyle,Jackson,Mongraal,GB,673154.23,Fortnite,Battle Royale
51936,Timothy,Miller,Bizzle,US,615626.39,Fortnite,Battle Royale
62951,Diego,Lima,Arkhram,US,608416.68,Fortnite,Battle Royale
38125,Turner,Tenney,Tfue,US,594850,Fortnite,Battle Royale
52321,Anthony,Colandro,ZexRow,US,506099.73,Fortnite,Battle Royale
61243,Benjy David,Fish,BenjyFishy,GB,496429.32,Fortnite,Battle Royale
57463,Klaus,Konstanzer,stompy,AT,492271.94,Fortnite,Battle Royale
63746,Brendan,Falconer,Falconer,US,482850,Fortnite,Battle Royale
56863,Nathan,Berquignol,Nayte,FR,474562.23,Fortnite,Battle Royale
57614,Daniel,Walsh,Dubs,US,468099.99,Fortnite,Battle Royale
49822,Dennis,Lepore,Cloakzy,US,437975,Fortnite,Battle Royale
52428,Nate,Hill,Nate Hill,US,437369.11,Fortnite,Battle Royale
51579,Noah,Wright,Vivid,US,417366.67,Fortnite,Battle Royale
49559,Duong,Huynh,Kinstaar,CH,414258.4,Fortnite,Battle Royale
61769,Noam,Ackenine,Megga,US,381283.32,Fortnite,Battle Royale
57617,River,Handley,Riversan,US,360841.67,Fortnite,Battle Royale
55994,Vinny,Gilgan,Vinny,US,350238.8,Fortnite,Battle Royale
55949,Jack,-,Cizzorz,US,345750,Fortnite,Battle Royale
65114,Tyler,-,hiimtylerh,CA,341250,Fortnite,Battle Royale
65115,Stephan,-,Suezhoo,BE,341250,Fortnite,Battle Royale
65116,-,-,Zand,DK,341250,Fortnite,Battle Royale
49926,Ryan,Chaplo,Chap,US,341066.67,Fortnite,Battle Royale
55138,Thomas,Hörak,Tschiiinken,AT,326176.94,Fortnite,Battle Royale
49925,Jake,Brumleve,Poach,US,324900,Fortnite,Battle Royale
52429,Trevor,Siegler,FunkBomb,US,315616.67,Fortnite,Battle Royale
49923,Thomas,Mulligan,72hrs,US,310008.33,Fortnite,Battle Royale
49868,Pierre,Mesey,Vato,CH,285707.09,Fortnite,Battle Royale
61171,Martin,Foss,MrSavage,NO,271316.73,Fortnite,Battle Royale
50422,Domeniks,Bunts,Domentos,LV,269887.84,Fortnite,Battle Royale
51618,Malachi,Greiner,Reverse2k,US,255546.92,Fortnite,Battle Royale
62105,Cody,Conrod,Clix,US,250968.08,Fortnite,Battle Royale
53744,Austin,Etue,Morgausse,US,250938.56,Fortnite,Battle Royale
57599,Mack,Aesoph,MackWood,US,250525,Fortnite,Battle Royale
51884,Dylan,Moore,Dmo,US,243025,Fortnite,Battle Royale
64298,Jonathan,Weber,yung calculator,US,229850.77,Fortnite,Battle Royale
49561,Corentin,Tardif,Hunter,FR,229464.98,Fortnite,Battle Royale
65746,William,Paquin-Brien,Fatch,CA,228500,Fortnite,Battle Royale
61277,Josh,Roach,Commandment,US,221752.32,Fortnite,Battle Royale
3591,Keenan,Santos,Rhux,US,217500,Fortnite,Battle Royale
61414,Calum,MacGillivray,itemm,GB,215605,Fortnite,Battle Royale
54842,Nick,McGuire,Aspect,US,215391.67,Fortnite,Battle Royale
51594,Adam,Boyer-Dræby,Boyer,DK,210575.84,Fortnite,Battle Royale
51909,Patrik,Zaharchenko,Pate1k,NO,207201.06,Fortnite,Battle Royale
51924,Sven,Edelenbosch,Svennoss,NL,205008.33,Fortnite,Battle Royale
80698,Tai,Starčič,TaySon,SI,200130,Fortnite,Battle Royale
51592,Liam,Fillery,Kamo,DE,197139.97,Fortnite,Battle Royale
62999,Fabian,Real,Derox,DE,195617.67,Fortnite,Battle Royale
51908,Yan,Kaur,Fwexy,RU,193787.59,Fortnite,Battle Royale
56925,Mark,Danilov,Letw1k3,RU,189482.52,Fortnite,Battle Royale
51593,Artur,Kurshin,7ssk7,BY,188358.03,Fortnite,Battle Royale
63544,Jannis,Matwin,JannisZ,DE,188212.42,Fortnite,Battle Royale
80697,Thomas,Davidsen,Th0masHD,DK,188090,Fortnite,Battle Royale
61233,Alexandre,Christophe,Andilex,FR,187095.73,Fortnite,Battle Royale
61777,Julio Cesar,Nevarez,Pika,US,182950,Fortnite,Battle Royale
44303,Klaivert,Dervishi,Teeqzy,BE,179596.3,Fortnite,Battle Royale
57084,Lassi,Kallio,BELAEU,FI,178610,Fortnite,Battle Royale
66611,Endre,Byre,Endretta,NO,176803.33,Fortnite,Battle Royale
3948,Karim,Benghalia,Aïrwaks,CH,176598.27,Fortnite,Battle Royale
53745,Sean,Close,Sean,CA,174733.33,Fortnite,Battle Royale
56302,Felix,Hortlund,Wakie,SE,174439.58,Fortnite,Battle Royale
52287,Jamal,Saidayev,Jamside,RU,172779.7,Fortnite,Battle Royale
51619,Aydan,Conrad,Aydan,US,172583.33,Fortnite,Battle Royale
60945,Pontus,Bucht,Tchub,SE,172400,Fortnite,Battle Royale
55243,Howard,Castiaux,Noward,BE,172385.27,Fortnite,Battle Royale
52467,Blaž,Lešnik,K1nzell,SI,167697.53,Fortnite,Battle Royale
57610,Evan,Barron,Cented,CA,160410.62,Fortnite,Battle Royale
61626,Dominick,Green,Unknown,US,159833.35,Fortnite,Battle Royale
56301,Alexander,Zayedli,Znappy,SE,159160.84,Fortnite,Battle Royale
51973,David,Bois,LeNain,CA,158350,Fortnite,Battle Royale
61776,Ben,Peterson,Edgey,US,153868.98,Fortnite,Battle Royale
49845,Maxime,Thomas,Blax,FR,152619.67,Fortnite,Battle Royale
52283,Anthony,Waller,Tendons,US,150900,Fortnite,Battle Royale
51535,Jong Su,Lee,Peterpan,KR,147050,Fortnite,Battle Royale
49841,Victor,Lopez,TheVic,FR,144507.88,Fortnite,Battle Royale
65470,-,-,Furious,US,143908.34,Fortnite,Battle Royale
1219,Tyler,Blevins,Ninja,US,142413.56,Fortnite,Battle Royale
65087,-,-,4DRStorm,US,141158.34,Fortnite,Battle Royale
60950,Zygimantas,Navickas,Redrush,LT,139936.26,Fortnite,Battle Royale
51581,Mason,Lanier,Symfuhny,US,139866.67,Fortnite,Battle Royale
49578,Nicolas,Frejavise,Nikof,FR,137954,Fortnite,Battle Royale
62624,Moussa,Faour,Chapix,SE,136820,Fortnite,Battle Royale
62071,Jonas Colkær,Thomsen,Klusia,DK,136810,Fortnite,Battle Royale
64190,Kevin,Fedjuschkin,Letshe,DE,135928.06,Fortnite,Battle Royale
57034,Jordan,Tucker,Tuckz,GB,134800,Fortnite,Battle Royale
32000,Dong Jun,Kim,Rascal,KR,331108.68,Overwatch,First-Person Shooter
40261,Nam Joo,Kwon,Striker,KR,327424.24,Overwatch,First-Person Shooter
46828,Myeong Hwan,Yoo,smurf,KR,322184.16,Overwatch,First-Person Shooter
36883,Hyo Bin,Choi,ChoiHyoBin,KR,319657.2,Overwatch,First-Person Shooter
35563,Grant,Espe,Moth,US,314548.25,Overwatch,First-Person Shooter
35121,Matthew,DeLisi,super,US,312948.02,Overwatch,First-Person Shooter
50319,Min Ki,Park,Viol2t,KR,308901.19,Overwatch,First-Person Shooter
37635,Jae Hee,Hong,Gesture,KR,297730.97,Overwatch,First-Person Shooter
37636,Joon Yeong,Park,Profit,KR,297730.97,Overwatch,First-Person Shooter
35351,Seung Tae,Choi,Bdosin,KR,272689.65,Overwatch,First-Person Shooter
34117,Joo Seok,Lee,Twilight,KR,267391.59,Overwatch,First-Person Shooter
37325,Jun Ho,Kim,Fury,KR,222400.43,Overwatch,First-Person Shooter
34123,Ji Hyuk,Kim,birdring,KR,208453.84,Overwatch,First-Person Shooter
37332,Won Sik,Jung,Closer,KR,197480.74,Overwatch,First-Person Shooter
37389,Jong Seok,Kim,NUS,KR,188479.09,Overwatch,First-Person Shooter
47221,Sung Jun,Kim,SLIME,KR,186382.3,Overwatch,First-Person Shooter
27366,Andreas,Karlsson,Nevix,SE,180755.36,Overwatch,First-Person Shooter
34133,Jong Yeol,Park,Saebyeolbe,KR,176385.68,Overwatch,First-Person Shooter
34701,Dong Gyu,Kim,Mano,KR,168959.28,Overwatch,First-Person Shooter
37385,Hye Sung,Kim,Libero,KR,167420.62,Overwatch,First-Person Shooter
37501,Choong Hui,Lee,Stitch,KR,164396.18,Overwatch,First-Person Shooter
34175,Jay,Won,sinatraa,US,164363.81,Overwatch,First-Person Shooter
39996,Sean,Henderson,ta1yo,JP,164025.25,Overwatch,First-Person Shooter
42786,Sung Hyeon,Bang,JJoNak,KR,163336.4,Overwatch,First-Person Shooter
50329,Seon Chang,Lee,ANS,KR,159911.85,Overwatch,First-Person Shooter
42667,Tae-seong,Jeong,ANAMO,KR,159757.11,Overwatch,First-Person Shooter
37637,Dong Eun,Lee,Hooreg,KR,157907.63,Overwatch,First-Person Shooter
40110,Min Ho,Park,Architect,KR,157289.9,Overwatch,First-Person Shooter
32848,Jin Mo,Yang,tobi,KR,157268.25,Overwatch,First-Person Shooter
40385,Hyeon Woo,Choi,JJANU,KR,156207.98,Overwatch,First-Person Shooter
34159,Hyo Jong,Kim,Haksal,KR,151472.42,Overwatch,First-Person Shooter
34132,Tae Hong,Kim,Mek0,KR,149547.3,Overwatch,First-Person Shooter
32172,Do Hyun,Kim,pine,KR,138012.28,Overwatch,First-Person Shooter
37341,Min-hyuk,Choi,Michelle,KR,131615.34,Overwatch,First-Person Shooter
37502,Sang Beom,Park,BUMPER,KR,128681.89,Overwatch,First-Person Shooter
36891,Yeon Joon,Hong,ArK,KR,113666.44,Overwatch,First-Person Shooter
42796,Min Seo,Hwang,Marve1,KR,111871.29,Overwatch,First-Person Shooter
40107,Jun Woo,Kang,Void,KR,110435.01,Overwatch,First-Person Shooter
50327,Jae Min,Park,ILLICIT,KR,108240.14,Overwatch,First-Person Shooter
42942,Min Soo,Seo,SeoMinSoo,KR,107535.84,Overwatch,First-Person Shooter
57262,Dong Eon,Kim,Fits,KR,104737.26,Overwatch,First-Person Shooter
42891,Jun Geun,Kim,Rapel,KR,104074.27,Overwatch,First-Person Shooter
11233,Isaac,Charles,Boombox,GB,98285.03,Overwatch,First-Person Shooter
44173,Daniel,Hathaway,FunnyAstro,GB,96906.13,Overwatch,First-Person Shooter
37331,Min Seong,Bae,diem,KR,94244.74,Overwatch,First-Person Shooter
39790,Yeon Kwan,Jeong,Nenne,KR,91413.27,Overwatch,First-Person Shooter
37497,Jae Hyeok,Lee,Carpe,KR,91158.55,Overwatch,First-Person Shooter
47237,Young Wan,Kim,Creative,KR,90485.05,Overwatch,First-Person Shooter
34401,Gael,Gouzerch,Poko,FR,90439.44,Overwatch,First-Person Shooter
4742,Terence,Tarlier,SoOn,FR,90428.77,Overwatch,First-Person Shooter
37322,Jang Hyeon,Hwang,TiZi,KR,88443.76,Overwatch,First-Person Shooter
34131,Joong Hwa,Song,janus,KR,86293.32,Overwatch,First-Person Shooter
37493,Byeong Seon,Kim,Fleta,KR,86277.6,Overwatch,First-Person Shooter
32847,Je Hong,Ryu,Ryujehong,KR,85804.45,Overwatch,First-Person Shooter
32430,Weida,Lu,Diya,CN,83845.32,Overwatch,First-Person Shooter
40620,Josh,Corona,Eqo,IL,83532.82,Overwatch,First-Person Shooter
32174,Yeon Oh,Hwang,Fl0w3R,KR,83235.77,Overwatch,First-Person Shooter
27821,Lane,Roberts,Surefour,CA,82724.04,Overwatch,First-Person Shooter
50325,Min Chul,Kim,Izayaki,KR,82630.1,Overwatch,First-Person Shooter
43167,Su Min,Kim,SADO,KR,82032.82,Overwatch,First-Person Shooter
37996,Simon,Ekström,snillo,SE,81812.25,Overwatch,First-Person Shooter
34712,Seong Hyeon,Yang,Luffy,KR,81363.59,Overwatch,First-Person Shooter
42669,Min Seok,Kwon,AimGod,KR,78260.01,Overwatch,First-Person Shooter
36889,Chang Hoon,Gye,r0ar,KR,78144.21,Overwatch,First-Person Shooter
40108,Gui Un,Jang,Decay,KR,77756.89,Overwatch,First-Person Shooter
31919,Jonas,Suovaara,Shaz,FI,77723.5,Overwatch,First-Person Shooter
36781,Benjamin,Isohanni,BigG00se,FI,77014.11,Overwatch,First-Person Shooter
36791,Seung Joon,Lee,Whoru,KR,75756.09,Overwatch,First-Person Shooter
35349,Jin Hyeok,Yang,DDing,KR,74902.37,Overwatch,First-Person Shooter
55703,Jae Gon,Lee,LeeJaeGon,KR,74175.89,Overwatch,First-Person Shooter
34118,Kyung Ho,Kim,Alarm,KR,73478.37,Overwatch,First-Person Shooter
33998,Joon Hyuk,Kim,zunba,KR,72886.36,Overwatch,First-Person Shooter
31156,Se Yeon,Kim,Geguri,KR,70298.68,Overwatch,First-Person Shooter
10750,Joona,Laine,fragi,FI,70255.34,Overwatch,First-Person Shooter
47123,Blake,Scott,Gator,US,69918.09,Overwatch,First-Person Shooter
39792,Hong Joon,Choi,HOTBA,KR,68984.11,Overwatch,First-Person Shooter
5238,Alberto,Gonzales Molinillo,neptuNo,ES,67619.01,Overwatch,First-Person Shooter
36884,Da Un,Jeong,NoSmite,KR,67246.48,Overwatch,First-Person Shooter
11780,Seb,Barton,numlocked,GB,66306.23,Overwatch,First-Person Shooter
37395,Joon,Jeong,Erster,KR,66165.46,Overwatch,First-Person Shooter
52500,Hee Su,Jeong,Heesu,KR,64783.08,Overwatch,First-Person Shooter
21798,George,Gushcha,ShaDowBurn,RU,63953.84,Overwatch,First-Person Shooter
32098,Brady,Girardi,Agilities,CA,62069.85,Overwatch,First-Person Shooter
38995,Ho Jin,Park,IDK,KR,61950.86,Overwatch,First-Person Shooter
35356,João Pedro,Telles,Hydration,BR,61460.24,Overwatch,First-Person Shooter
13853,Ji Won,Seo,Stand1,KR,61459.02,Overwatch,First-Person Shooter
27563,Timo,Kettunen,Taimou,FI,61027.02,Overwatch,First-Person Shooter
42209,Xu,Qiulin,guxue,CN,59154.54,Overwatch,First-Person Shooter
27565,Jonathan,Rua,HarryHook,ES,58718.69,Overwatch,First-Person Shooter
2339,Sebastian,Widlund,chipshajen,SE,56549.85,Overwatch,First-Person Shooter
29757,Joe,Gramano,Joemeister,CA,55676.28,Overwatch,First-Person Shooter
37330,Pan Seung,Koo,FaTe,KR,55538.23,Overwatch,First-Person Shooter
36795,Indy,Halpern,SPACE,US,55453.17,Overwatch,First-Person Shooter
3482,Dylan,Bignet,aKm,FR,54391.23,Overwatch,First-Person Shooter
4747,Benjamin,Chevasson,unKOE,FR,54391.23,Overwatch,First-Person Shooter
37638,Hyeon Woo,Jo,HagoPeun,KR,54290.66,Overwatch,First-Person Shooter
42893,Eui Seok,Lee,Fearless,KR,54215.94,Overwatch,First-Person Shooter
34125,Byung Ho,Lee,Panker,KR,54037.27,Overwatch,First-Person Shooter
28443,Scott,Kennedy,Custa,AU,53759.68,Overwatch,First-Person Shooter
36882,Kyeon Bo,Kim,GodsB,KR,53293.7,Overwatch,First-Person Shooter
5513,Joona,Sotala,Serral,FI,893336.55,Starcraft II,Strategy
1126,Sung Choo,Cho,Maru,KR,886795.83,Starcraft II,Strategy
4070,Byung Ryul,Lee,Rogue,KR,883148.24,Starcraft II,Strategy
3620,Ryung Woo,Park,Dark,KR,794627.39,Starcraft II,Strategy
2268,Shin Hyung,Lee,INnoVation,KR,762437,Starcraft II,Strategy
2224,Tae Yang,Jun,TY,KR,673162.61,Starcraft II,Strategy
2236,Dae Yeob,Kim,Stats,KR,631829.71,Starcraft II,Strategy
2272,Yoo Jin,Kim,sOs,KR,628026.1,Starcraft II,Strategy
3481,Yoon Su,Eu,soO,KR,616412.36,Starcraft II,Strategy
4674,Sung Wook,Joo,Zest,KR,558114.07,Starcraft II,Strategy
3818,Alex,Sunderhaft,Neeb,US,523847.63,Starcraft II,Strategy
1000,Min Chul,Jang,MC,KR,509771.79,Starcraft II,Strategy
2271,Doh Woo,Kim,Classic,KR,479324.03,Starcraft II,Strategy
1429,Seung Hyun,Lee,Life,KR,475900.67,Starcraft II,Strategy
1003,Sung Hoon,Choi,Polt,KR,451943.24,Starcraft II,Strategy
1132,Lee Sak,Won,PartinG,KR,427239.54,Starcraft II,Strategy
1017,Hyun Woo,Byun,Byun,KR,415145.07,Starcraft II,Strategy
1007,Sung Won,Moon,MMA,KR,407169.17,Starcraft II,Strategy
1002,Jong Hyun,Jung,Mvp,KR,404994.83,Starcraft II,Strategy
2280,Sasha,Hostyn,Scarlett,CA,388919.99,Starcraft II,Strategy
1175,Juan Carlos,Lopez,SpeCial,MX,377144.16,Starcraft II,Strategy
1257,Jens,Aasgaard,Snute,NO,372788.71,Starcraft II,Strategy
1227,Artur,Bloch,Nerchio,PL,371725.19,Starcraft II,Strategy
3657,Min Soo,Kang,Solar,KR,363307.59,Starcraft II,Strategy
3042,Joon Ho,Kim,herO,KR,341093.28,Starcraft II,Strategy
1158,Ilyes,Satouri,Stephano,FR,304291.61,Starcraft II,Strategy
1061,Young Suh,Yoon,TaeJa,KR,303679.63,Starcraft II,Strategy
15015,Riccardo,Romiti,Reynor,IT,298622.85,Starcraft II,Strategy
1057,Soo Ho,Park,DongRaeGu,KR,289675.08,Starcraft II,Strategy
1025,Dong Nyung,Lee,Leenock,KR,288257.14,Starcraft II,Strategy
1001,Jae Duk,Lim,NesTea,KR,288225.07,Starcraft II,Strategy
3811,Tobias,Sieber,ShoWTimE,DE,282135.93,Starcraft II,Strategy
3435,Sung Ho,Cho,Trap,KR,280334.78,Starcraft II,Strategy
1030,Ji Sung,Choi,Bomber,KR,265914.84,Starcraft II,Strategy
11418,Mikołaj,Ogonowski,Elazer,PL,264095.3,Starcraft II,Strategy
1086,Hyeon Deok,Song,HerO,KR,261892.87,Starcraft II,Strategy
2274,Dong Jun,Baek,Dear,KR,243027.72,Starcraft II,Strategy
3041,Yoon Jong,Jung,Rain,KR,236690.51,Starcraft II,Strategy
1426,Seok Hyun,Ko,HyuN,KR,233783.91,Starcraft II,Strategy
1064,Byung Jae,Koh,GuMiho,KR,227008.15,Starcraft II,Strategy
1507,Jae Dong,Lee,Jaedong,KR,224833.53,Starcraft II,Strategy
1225,Grzegorz,Komincz,MaNa,PL,218911.98,Starcraft II,Strategy
1004,Jung Hoon,Lee,MarineKing,KR,212397.14,Starcraft II,Strategy
1033,Lee Seok,Han,aLive,KR,204079.55,Starcraft II,Strategy
3651,Tae Su,Bang,TRUE,KR,189776.99,Starcraft II,Strategy
19597,Peinan,Li,TIME,CN,184811.62,Starcraft II,Strategy
1052,Dong Hwan,Kim,viOLet,KR,183568.96,Starcraft II,Strategy
1094,Johan,Lucchesi,NaNiwa,SE,177659.71,Starcraft II,Strategy
7995,Zhou,Hang,iAsonu,CN,172891.85,Starcraft II,Strategy
3518,Gabriel,Segat,HeRoMaRinE,DE,167442.47,Starcraft II,Strategy
6180,Diego,Schwimer,Kelazhur,BR,158091.74,Starcraft II,Strategy
4977,Ji Hyun,Jo,Patience,KR,155836.32,Starcraft II,Strategy
2230,Min Chul,Kim,Soulkey,KR,153116.49,Starcraft II,Strategy
2620,Marc,Schlappi,uThermal,NL,150578.81,Starcraft II,Strategy
7999,Doh Wook,Kim,Cure,KR,149003.23,Starcraft II,Strategy
1020,Chris,Loranger,HuK,CA,148758.87,Starcraft II,Strategy
5420,Yu Feng,Ke,Has,TW,148558.05,Starcraft II,Strategy
2221,Dong Won,Shin,Hydra,KR,147459.89,Starcraft II,Strategy
1129,Ji Soo,Park,fOrGG,KR,147378.95,Starcraft II,Strategy
1174,Ho Joon,Lee,PuMa,KR,143862.24,Starcraft II,Strategy
2775,Hui Ming,Huang,TooDming,CN,142369.56,Starcraft II,Strategy
1080,Hyun Woo,Jang,Creator,KR,141938.84,Starcraft II,Strategy
1076,Chia Cheng,Yang,Sen,TW,141662.54,Starcraft II,Strategy
1239,Lei,Wang,XiGua,CN,134300.51,Starcraft II,Strategy
1024,Hoon Jung,Ji,Jjakji,KR,133917.25,Starcraft II,Strategy
3742,Maru,Kim,MaSa,CA,132306.1,Starcraft II,Strategy
8570,Théo,Freydière,PtitDrogo,FR,130550.93,Starcraft II,Strategy
1285,Aleksandr,Svusuyk,Bly,UA,127688.41,Starcraft II,Strategy
1236,Jin,Hui Cao,Jim,CN,125173.05,Starcraft II,Strategy
1165,Dario,Wünsch,TLO,DE,115102.67,Starcraft II,Strategy
3616,Ji Won,Han,ByuL,KR,114416.73,Starcraft II,Strategy
1009,Kang Ho,Hwang,LosirA,KR,114305.31,Starcraft II,Strategy
3521,Seok Hee,Son,StarDust,KR,111579.95,Starcraft II,Strategy
1430,Xiang,Hu,MacSed,CN,111540.17,Starcraft II,Strategy
3613,Kevin,de Koning,Harstem,NL,109736.18,Starcraft II,Strategy
1011,Cho-Won,Kang,san,KR,109440.09,Starcraft II,Strategy
1029,Dong Won,Kim,Ryung,KR,108009.18,Starcraft II,Strategy
1081,Joong Hyuk,Cho,Dream,KR,103798.04,Starcraft II,Strategy
1037,Won Ki,Kim,FruitDealer,KR,102860.5,Starcraft II,Strategy
1123,Marcus,Eklöf,ThorZaIN,SE,102682.9,Starcraft II,Strategy
1280,Juan,Moreno Durán,VortiX,ES,100271.58,Starcraft II,Strategy
4712,Joon Hyuk,Kim,Impact,KR,97741.11,Starcraft II,Strategy
7891,Julian,Brosig,Lambo,DE,96604.3,Starcraft II,Strategy
3655,Ki Woong,Nam,Hurricane,KR,96034.27,Starcraft II,Strategy
1034,Joon Sik,Yang,Alicia,KR,94907.1,Starcraft II,Strategy
1135,Dong Hyun,Kang,Symbol,KR,94856.43,Starcraft II,Strategy
3441,Hee Bum,Shin,RagnaroK,KR,93903.11,Starcraft II,Strategy
1036,Kyo Seok,Hwang,KeeN,KR,93866.46,Starcraft II,Strategy
1018,Min Soo,Jung,Genius,KR,93775.14,Starcraft II,Strategy
1070,Hyun Woo,Park,Squirtle,KR,92282.22,Starcraft II,Strategy
7992,David,Moschetto,Lilbow,FR,91850.98,Starcraft II,Strategy
14540,Huang,Min,Cyan,CN,90452.98,Starcraft II,Strategy
1505,Young Ho,Lee,Flash,KR,90152.64,Starcraft II,Strategy
2890,Hyun Woo,Kang,First,KR,89725.4,Starcraft II,Strategy
4574,Alexis,Eusebio,MarineLorD,FR,86634.27,Starcraft II,Strategy
1233,Dennis,Schneider,HasuObs,DE,84794.99,Starcraft II,Strategy
3091,Patrick,Brix,Bunny,DK,84195.98,Starcraft II,Strategy
1082,Byung Hyun,Choi,YoDa,KR,84119.07,Starcraft II,Strategy
2795,Rickard,Bergman,SortOf,SE,83622.52,Starcraft II,Strategy
2833,Yao,Xiang,XY,CN,81795.94,Starcraft II,Strategy
19968,Won Ho,Jeong,KyoCha,KR,464560.82,Heroes of the Storm,Multiplayer Online Battle Arena
18570,Jung Hyeog,Lee,sake,KR,462790.78,Heroes of the Storm,Multiplayer Online Battle Arena
15718,Jae Won,Lee,Rich,KR,427923.28,Heroes of the Storm,Multiplayer Online Battle Arena
18568,Jin Woo,Im,Reset,KR,360093.52,Heroes of the Storm,Multiplayer Online Battle Arena
15724,Woon Sung,Kang,Ttsst,KR,353715.98,Heroes of the Storm,Multiplayer Online Battle Arena
17549,Jonathan,Gunnarsson,Wubby,SE,264826.14,Heroes of the Storm,Multiplayer Online Battle Arena
1014,Seung Chul,Kim,sCsC,KR,239311.62,Heroes of the Storm,Multiplayer Online Battle Arena
15602,Joshua,Bennett,Snitch,GB,238798.57,Heroes of the Storm,Multiplayer Online Battle Arena
16241,Jérome,Trinh,JayPL,FR,229170.87,Heroes of the Storm,Multiplayer Online Battle Arena
21221,Ji Hoon,Yoon,Sign,KR,211104.46,Heroes of the Storm,Multiplayer Online Battle Arena
23618,Jeong Ha,Lee,Jeongha,KR,200447.42,Heroes of the Storm,Multiplayer Online Battle Arena
15751,Simon,Svensson,Schwimpi,SE,191647.23,Heroes of the Storm,Multiplayer Online Battle Arena
15748,Pontus,Sjogren,Breez,SE,187978.31,Heroes of the Storm,Multiplayer Online Battle Arena
18573,Tae Jun,Lee,merryday,KR,184790.78,Heroes of the Storm,Multiplayer Online Battle Arena
22236,Filip,Liljeström,Smexystyle,SE,184411.26,Heroes of the Storm,Multiplayer Online Battle Arena
11920,Dob,Engström,QuackNiix,SE,180964.31,Heroes of the Storm,Multiplayer Online Battle Arena
1049,Do Joon,Chae,Noblesse,KR,164811.62,Heroes of the Storm,Multiplayer Online Battle Arena
18572,Jae Hun,Jin,Lockdown,KR,156959.11,Heroes of the Storm,Multiplayer Online Battle Arena
28356,Seung Won,Kim,Swoy,KR,151828.25,Heroes of the Storm,Multiplayer Online Battle Arena
15426,Fan,Yang,Fan,US,149291.76,Heroes of the Storm,Multiplayer Online Battle Arena
30547,Kenn Øster,Rasmussen,Zaelia,DK,147500,Heroes of the Storm,Multiplayer Online Battle Arena
25039,Jin Su,Park,NachoJin,KR,146932.17,Heroes of the Storm,Multiplayer Online Battle Arena
20908,Thomas,Cailleux,Ménè,FR,145068.51,Heroes of the Storm,Multiplayer Online Battle Arena
14529,John Paul,Lopez,KingCaffeine,US,138297.16,Heroes of the Storm,Multiplayer Online Battle Arena
12075,Keiwan,Itakura,k1,US,138237.16,Heroes of the Storm,Multiplayer Online Battle Arena
14011,James,Baker,Bakery,GB,134818.57,Heroes of the Storm,Multiplayer Online Battle Arena
1091,Tae Hoon,Kwon,Sniper,KR,128659.74,Heroes of the Storm,Multiplayer Online Battle Arena
18569,Yeong Hwan,Jing,Hide,KR,123398.02,Heroes of the Storm,Multiplayer Online Battle Arena
16733,Lunhan,Kang,XingC,CN,122420.01,Heroes of the Storm,Multiplayer Online Battle Arena
7405,Lawrence,Harper,Atheroangel,GB,120263.57,Heroes of the Storm,Multiplayer Online Battle Arena
14972,Vilhem,Flennmark,POILK,SE,114751.8,Heroes of the Storm,Multiplayer Online Battle Arena
18797,Hanfei,Chen,Tiger,CN,114207.06,Heroes of the Storm,Multiplayer Online Battle Arena
6565,Kun,Fang,iDream,CN,112337.16,Heroes of the Storm,Multiplayer Online Battle Arena
16730,Zhihao,Wu,Tumi,CN,112170.41,Heroes of the Storm,Multiplayer Online Battle Arena
1233,Dennis,Schneider,HasuObs,DE,110050.76,Heroes of the Storm,Multiplayer Online Battle Arena
23619,Ju Dam,Park,dami,KR,109714.8,Heroes of the Storm,Multiplayer Online Battle Arena
14122,Lyubomir,Kozlovski,Splendour,BG,106462.18,Heroes of the Storm,Multiplayer Online Battle Arena
20208,Xiangzhi,Zheng,melodyC,CN,106288.65,Heroes of the Storm,Multiplayer Online Battle Arena
15735,Ben,Bunk,Cattlepillar,DE,105541.2,Heroes of the Storm,Multiplayer Online Battle Arena
14440,Adrian,Wójcik,adrd,PL,103282.92,Heroes of the Storm,Multiplayer Online Battle Arena
12389,Nils,Gebhardt,Nurok,DE,102971.54,Heroes of the Storm,Multiplayer Online Battle Arena
14531,Mike,Fisk,Glaurung,US,97856.2,Heroes of the Storm,Multiplayer Online Battle Arena
16732,Tuo,Li,NccCc,CN,97833.37,Heroes of the Storm,Multiplayer Online Battle Arena
2805,Chris,Buechter,Zuna,US,94813.8,Heroes of the Storm,Multiplayer Online Battle Arena
15750,Alexander,Milanov,ethernal,BG,93149.29,Heroes of the Storm,Multiplayer Online Battle Arena
1134,Ki Soo,Han,CrazymoviNG,KR,93131.84,Heroes of the Storm,Multiplayer Online Battle Arena
26616,Jun,Jang,Jun,KR,92591.2,Heroes of the Storm,Multiplayer Online Battle Arena
28605,Jong Hoon,Park,Hooligan,KR,92397.81,Heroes of the Storm,Multiplayer Online Battle Arena
14564,Lizhong,Zhou,Misaka,CN,90136.72,Heroes of the Storm,Multiplayer Online Battle Arena
15431,Manny,Medina,Fury,US,89529.34,Heroes of the Storm,Multiplayer Online Battle Arena
23617,Dae Hyung,Lee,Hongcono,KR,89214.8,Heroes of the Storm,Multiplayer Online Battle Arena
1352,Li Wei,Sun,xiaOt,CN,88040.91,Heroes of the Storm,Multiplayer Online Battle Arena
7208,Guo,Jiayi,Gemini,CN,87834.52,Heroes of the Storm,Multiplayer Online Battle Arena
14568,Hao,Pu,m,CN,86588.9,Heroes of the Storm,Multiplayer Online Battle Arena
6023,Jae Hyun,Park,JaeHyun,KR,85836.53,Heroes of the Storm,Multiplayer Online Battle Arena
22243,Simon,Tabin,Darkmok,DE,85535.96,Heroes of the Storm,Multiplayer Online Battle Arena
38902,Hyun Tae,Kim,SDE,KR,84500,Heroes of the Storm,Multiplayer Online Battle Arena
17414,Alexander,Grumstrup,AlexTheProG,DK,83962.45,Heroes of the Storm,Multiplayer Online Battle Arena
25047,Harrison,Chang,psalm,US,80661.2,Heroes of the Storm,Multiplayer Online Battle Arena
21705,Jin Hwan,Kim,Magi,KR,79790.68,Heroes of the Storm,Multiplayer Online Battle Arena
14528,Ricardo,Marques,DunkTrain,US,77997.16,Heroes of the Storm,Multiplayer Online Battle Arena
27953,Benjamin,Eekenulv,BadBenny,SE,76798.88,Heroes of the Storm,Multiplayer Online Battle Arena
14001,Matic,Mikec,Zarmony,SI,75978.57,Heroes of the Storm,Multiplayer Online Battle Arena
17402,Jing,Gu,Aloof,CN,75648.35,Heroes of the Storm,Multiplayer Online Battle Arena
18574,Jize,Song,sk,CN,75380.4,Heroes of the Storm,Multiplayer Online Battle Arena
15428,Stafford,Mcintyre,McIntyre,US,73817.6,Heroes of the Storm,Multiplayer Online Battle Arena
6066,Taylor,Eder,Arthelon,US,73072.6,Heroes of the Storm,Multiplayer Online Battle Arena
17550,Ivan,Koturić,Sportbilly,HR,72193.01,Heroes of the Storm,Multiplayer Online Battle Arena
28607,Sung Hyun,Moon,Good,KR,70434.23,Heroes of the Storm,Multiplayer Online Battle Arena
27955,Dominic,Asal,Nic,DE,69829.77,Heroes of the Storm,Multiplayer Online Battle Arena
19422,Jing,Chen,Xuyu,CN,69791.28,Heroes of the Storm,Multiplayer Online Battle Arena
21943,Niklas,Skogheim,Cursen,NO,67862.48,Heroes of the Storm,Multiplayer Online Battle Arena
1163,Rori,Bryant-Raible,CauthonLuck,US,67720,Heroes of the Storm,Multiplayer Online Battle Arena
21718,Sammuel,Hua,bigempct,US,66663.8,Heroes of the Storm,Multiplayer Online Battle Arena
20604,Yu Yen,Su,GoDDog,TW,65965.06,Heroes of the Storm,Multiplayer Online Battle Arena
22244,Markus,Hanke,Blumbi,DE,65525.96,Heroes of the Storm,Multiplayer Online Battle Arena
12396,Christoph,Gowitzke,Cris,DE,65516.28,Heroes of the Storm,Multiplayer Online Battle Arena
21715,Stefen,Anderson,akaface,US,64763.4,Heroes of the Storm,Multiplayer Online Battle Arena
21719,Michael,Udall,MichaelUdall,US,64763.4,Heroes of the Storm,Multiplayer Online Battle Arena
29443,Chandler,Gavran,Buds,US,64742.6,Heroes of the Storm,Multiplayer Online Battle Arena
29444,Justin,Gapp,Justing,US,64742.6,Heroes of the Storm,Multiplayer Online Battle Arena
20525,Francisco,Avalos,Goku,CA,64112.6,Heroes of the Storm,Multiplayer Online Battle Arena
25597,Khalif,Hashim,Khroen,US,63634.48,Heroes of the Storm,Multiplayer Online Battle Arena
1120,Kyung Deok,Kim,duckdeok,KR,63405.8,Heroes of the Storm,Multiplayer Online Battle Arena
21427,Zhihao,Zhang,zZH,CN,60952.31,Heroes of the Storm,Multiplayer Online Battle Arena
20516,Kyle,Belaiche,Prismaticism,CA,60502.6,Heroes of the Storm,Multiplayer Online Battle Arena
14570,Tianze,Chen,canjian,CN,58569.42,Heroes of the Storm,Multiplayer Online Battle Arena
32505,Tae Seok,Oh,taeseok,KR,57792,Heroes of the Storm,Multiplayer Online Battle Arena
33385,Liam,Simpson,Arcaner,AU,57228,Heroes of the Storm,Multiplayer Online Battle Arena
21426,Qian,Li,Qx,CN,57198.2,Heroes of the Storm,Multiplayer Online Battle Arena
26991,Jerome,Tanguay,KilluZiioN,CA,56726.85,Heroes of the Storm,Multiplayer Online Battle Arena
21709,Seong Min,Min,Darvish,KR,55970.05,Heroes of the Storm,Multiplayer Online Battle Arena
23446,Chun Yu,Wu,Alphaluna,TW,53541,Heroes of the Storm,Multiplayer Online Battle Arena
21419,Jiawei,Zhang,Kty,CN,52978.13,Heroes of the Storm,Multiplayer Online Battle Arena
26996,Thomas,Maguire,Tomster,US,51663.14,Heroes of the Storm,Multiplayer Online Battle Arena
28390,Merek,Kangas,zugrug,CA,51636.85,Heroes of the Storm,Multiplayer Online Battle Arena
9840,Josh,Choi,bkid,US,51453.4,Heroes of the Storm,Multiplayer Online Battle Arena
28606,Jae Yeop,Jeong,Frankle,KR,50572.68,Heroes of the Storm,Multiplayer Online Battle Arena
31831,Gu,Junfeng,Wind,CN,50549.34,Heroes of the Storm,Multiplayer Online Battle Arena
11747,Martin,Rugh,Crozzby,DK,50545.96,Heroes of the Storm,Multiplayer Online Battle Arena
48322,Jeong Yeong,Bak,Loki,KR,703953.94,PUBG,Battle Royale
43755,Jeong Wan,Go,ESTH3R,KR,610486.16,PUBG,Battle Royale
56720,Seung Hoon,Cha,Pio,KR,591248.41,PUBG,Battle Royale
43849,Tae Min,Kang,Taemin,KR,585598.46,PUBG,Battle Royale
43862,David,Tillberg,fuzzface,SE,344350.25,PUBG,Battle Royale
43808,Anssi,Pekkonen,mxey,FI,341362.75,PUBG,Battle Royale
14768,Ivan,Kapustin,ubah,RU,325558.75,PUBG,Battle Royale
43816,Ludvik,Jahnsen,Aitzy,NO,282450.25,PUBG,Battle Royale
43807,Samu,Kauppinen,Sambty,FI,242483.15,PUBG,Battle Royale
45853,Jim,Eliassen,Jeemzz,NO,230595.65,PUBG,Battle Royale
45855,Jord,van Geldere,Ibiza,NL,229095.65,PUBG,Battle Royale
45733,Hao,Yao,lionkk,CN,205477.15,PUBG,Battle Royale
45586,Yan,Wang,silentBT_,CN,181549.66,PUBG,Battle Royale
47413,Jinhai,Zhang,xiaohaixxxx,CN,179906.29,PUBG,Battle Royale
11221,Zhen,Wei,GodV,CN,164612.66,PUBG,Battle Royale
45584,Liangguang,Liao,xiaorong,CN,163976.97,PUBG,Battle Royale
43806,Luke,Laing,Meluke,CA,159650.52,PUBG,Battle Royale
43809,Jere,Kauppinen,Jembty,FI,156140.25,PUBG,Battle Royale
32846,In Jae,Kim,EscA,KR,153763.01,PUBG,Battle Royale
45687,Jang Hwan,Seong,seongjang,KR,141342.32,PUBG,Battle Royale
46776,Do-hoon,Seol,indigo,KR,136120.04,PUBG,Battle Royale
31327,Su Yong,Jeong,kAyle,KR,135217.79,PUBG,Battle Royale
47493,Alex,Gouge,vard,GB,134614.01,PUBG,Battle Royale
47491,Justin,McNally,MiracU,IE,133114.01,PUBG,Battle Royale
43801,Magno,Ramos,Pr0phie,PH,131989.19,PUBG,Battle Royale
50050,Logan,Heckman,Zanpah,US,130989.58,PUBG,Battle Royale
61315,Mike,Gariti,Sharky,US,127694.75,PUBG,Battle Royale
48323,Min Ki,Kim,Chelator,KR,127042.27,PUBG,Battle Royale
41259,Keiron,Prescott,Scoom,GI,126204.51,PUBG,Battle Royale
45412,Young Hoon,Shim,Simsn,KR,125722.18,PUBG,Battle Royale
53797,Zheng,Wu,Forever,CN,119560.82,PUBG,Battle Royale
51125,Thierry,Kaltenback,Kaymind,CA,113573,PUBG,Battle Royale
47416,Xin,Wang,ZGGO1,CN,112482.56,PUBG,Battle Royale
48931,Roman,Zinoviev,ADOUZ1E,RU,106225,PUBG,Battle Royale
73839,Daying,Wei,xxxLu,CN,105935.34,PUBG,Battle Royale
44865,Arsenii,Ivanychev,ceh9,RU,104675,PUBG,Battle Royale
47489,Vadim,Ulshin,POKAMOLODOY,RU,104671.25,PUBG,Battle Royale
50402,Jong Ho,Lee,Starlord,KR,104576.9,PUBG,Battle Royale
43805,Diondre,Bond,YaBoiDre,US,103739.58,PUBG,Battle Royale
46761,-,-,Menteul,KR,102114.43,PUBG,Battle Royale
50405,Rak Gwon,Chung,Hulk,KR,101243.57,PUBG,Battle Royale
60103,Do-hyun,Kim,Daengchae,KR,100930.84,PUBG,Battle Royale
49455,Hwan,Jang,Hwan2da,KR,98090.7,PUBG,Battle Royale
47492,Laurynas,Rudys,Gaxy,LT,94926.51,PUBG,Battle Royale
48868,Ben,Wheeler,Nerf,US,93098,PUBG,Battle Royale
55316,Chuan,Yu,Summer,CN,86922.9,PUBG,Battle Royale
48882,Timothy,Ebarb,Uncivil,US,86853.44,PUBG,Battle Royale
51774,Ömer,Develi,Iroh,TR,85243.75,PUBG,Battle Royale
12917,Hunter,Winn,hwinn,US,85032.94,PUBG,Battle Royale
48307,Kurtis,Bond,Purdy,US,84148.44,PUBG,Battle Royale
43800,Kevin,Linn,Miccoy,US,82233.44,PUBG,Battle Royale
42876,Mehmood Amin,Askar,Moody,CA,81360.5,PUBG,Battle Royale
56684,Aaron,Lommen,aLOW,US,81023.44,PUBG,Battle Royale
66881,Luke,Newey,Luke12,AU,79049.82,PUBG,Battle Royale
57401,Andrey,Ionov,Bestoloch,RU,78800,PUBG,Battle Royale
49801,Kang,Wang,shou,CN,78178.8,PUBG,Battle Royale
49802,Jiang Hua,Chen,shox,CN,78178.8,PUBG,Battle Royale
50052,Daniel,Hernandez,Sharpshothd,CU,77092.86,PUBG,Battle Royale
45408,-,-,BBABBO,KR,75125.32,PUBG,Battle Royale
43752,Jae Hyun,Han,SexyPIG,KR,74885.91,PUBG,Battle Royale
43797,Romain,Hermann,Shiv,FR,74811.76,PUBG,Battle Royale
48377,Damien,Valliant,Dahmien7,FR,71349.2,PUBG,Battle Royale
43754,Kyung Chul,Oh,style,KR,70101.26,PUBG,Battle Royale
50364,Bo Hyun,Kim,YaKK,KR,67744.43,PUBG,Battle Royale
69545,Qicheng,Chen,BoLiang,CN,67742.92,PUBG,Battle Royale
69546,Xin,Lin,L1nnnn,CN,67742.92,PUBG,Battle Royale
69547,Ruilong,Deng,LongSkr,CN,67742.92,PUBG,Battle Royale
74025,Do-gyeong,Kim,DoYa,KR,67687.33,PUBG,Battle Royale
48695,Gustav,Blønd,GustavQQ,DK,66517.5,PUBG,Battle Royale
69544,Bohang,Li,JiaoYang,CN,64373.86,PUBG,Battle Royale
49806,-,-,Tide,CN,64304.93,PUBG,Battle Royale
50410,-,-,DG98,KR,64255.11,PUBG,Battle Royale
61319,Tristan,Nowicky,Shrimzy,US,63736.69,PUBG,Battle Royale
49144,Yu-Ze,Sun,CPT,CN,63636.03,PUBG,Battle Royale
43810,Adrian,Blom,Haxete,SE,62654.51,PUBG,Battle Royale
66526,-,-,DouM,CN,62114.15,PUBG,Battle Royale
66527,-,-,DJBOY,CN,62114.15,PUBG,Battle Royale
47494,Mathias,Larsen,Larsen,DK,61350,PUBG,Battle Royale
45403,Hyun Woo,Yoon,yoonroot,KR,59165.88,PUBG,Battle Royale
51402,Hữu Đoàn,Nguyễn,Leviz,VN,58725.83,PUBG,Battle Royale
48134,-,-,LinShuNN,CN,58710.01,PUBG,Battle Royale
41249,Alexey,Trufanov,0nuqtive,RU,58458.75,PUBG,Battle Royale
48124,Xin-hao,Pan,BaoLeiNB,CN,58381.6,PUBG,Battle Royale
40001,Cedrik,Lessard,DrasseL,CA,58295.94,PUBG,Battle Royale
48125,Pengcheng,Wang,jiaozhu,CN,57157.65,PUBG,Battle Royale
48122,Boyuan,Wang,Wang88,CN,56537.65,PUBG,Battle Royale
47151,Gil Do,Lee,Temeria,KR,56496.7,PUBG,Battle Royale
39822,-,-,Qmccc,CN,55099.91,PUBG,Battle Royale
48875,Jace,Patras,Voxsic,US,53388.44,PUBG,Battle Royale
50167,Patrick,Kaplan,PAT KAPS,US,51048.44,PUBG,Battle Royale
55685,-,-,Dongdong,CN,50678.6,PUBG,Battle Royale
49460,Seung Sun,Lee,shadow,KR,50137.37,PUBG,Battle Royale
48935,Magnus,Hartmann,udyRR,DE,49761.3,PUBG,Battle Royale
48938,René,Rehling,Braexco,DE,49471.55,PUBG,Battle Royale
48874,Michael,Wake,mykLe,GB,49287.5,PUBG,Battle Royale
56973,-,-,067QAQ,CN,48617.5,PUBG,Battle Royale
45682,-,-,Makne,KR,48503.23,PUBG,Battle Royale
63566,Katanyu,Chinsorranan,DUCKMANZ,TH,47602.61,PUBG,Battle Royale
35048,Sebastian,Berendt,BALLOC,DK,47090,PUBG,Battle Royale
50102,Jake,Winant,Snakers,US,47078.32,PUBG,Battle Royale
60467,Zhengzheng,Chen,Cat,CN,465685.85,Arena of Valor,Multiplayer Online Battle Arena
60565,Guixin,Guo,NuoYan,CN,416162.04,Arena of Valor,Multiplayer Online Battle Arena
60485,Tianlong,Wang,Alan,CN,399019.18,Arena of Valor,Multiplayer Online Battle Arena
70610,Siyuan,Luo,HuaHai,CN,399019.18,Arena of Valor,Multiplayer Online Battle Arena
70611,Cong,Zhang,Wuming,CN,399019.18,Arena of Valor,Multiplayer Online Battle Arena
53977,Xuân Bách,Trần,XB,VN,152734.63,Arena of Valor,Multiplayer Online Battle Arena
53981,Quang Hiệp,Trần,ProE,VN,143598.03,Arena of Valor,Multiplayer Online Battle Arena
5812,Sanpett,Marat,FirstOne,TH,135749.99,Arena of Valor,Multiplayer Online Battle Arena
60417,Yunfei,Peng,Fly,CN,133558.02,Arena of Valor,Multiplayer Online Battle Arena
60418,Shengqqin,Xia,Hurt,CN,133558.02,Arena of Valor,Multiplayer Online Battle Arena
60451,Đức Chiến,Trần,ADC,VN,133380.96,Arena of Valor,Multiplayer Online Battle Arena
53986,Hồng Quân,Phạm,Gau,VN,131670.38,Arena of Valor,Multiplayer Online Battle Arena
37261,Sorawichaya,Mahavanakul,Isilindilz,TH,131425.77,Arena of Valor,Multiplayer Online Battle Arena
54014,Chun Sheng,Chang,Neil,TW,125644.94,Arena of Valor,Multiplayer Online Battle Arena
60452,Tiến Đạt,Đinh,ĐạtKòiii,VN,122860.21,Arena of Valor,Multiplayer Online Battle Arena
37259,Vatcharanan,Thaworn,Summer,TH,122693.28,Arena of Valor,Multiplayer Online Battle Arena
53998,Chang Hoon,Shin,JJak,KR,122650.01,Arena of Valor,Multiplayer Online Battle Arena
68651,-,-,Nutalomlok,TH,118657.27,Arena of Valor,Multiplayer Online Battle Arena
53996,Ho Yeon,Lee,Rush,KR,117894.7,Arena of Valor,Multiplayer Online Battle Arena
54013,Chou,Chung,Yuzon,TW,115644.94,Arena of Valor,Multiplayer Online Battle Arena
60450,Ting Jui,Chen,Winds,TW,113262.7,Arena of Valor,Multiplayer Online Battle Arena
53999,Do Yeop,Kim,HAK,KR,111710.36,Arena of Valor,Multiplayer Online Battle Arena
53995,Sun Woo,Kim,Sun,KR,111582.45,Arena of Valor,Multiplayer Online Battle Arena
54015,Nsu Yu,Lin,Star,TW,110644.94,Arena of Valor,Multiplayer Online Battle Arena
54016,Chien Ting,Chen,Benny,TW,110644.94,Arena of Valor,Multiplayer Online Battle Arena
60420,-,-,Song,CN,108311.67,Arena of Valor,Multiplayer Online Battle Arena
10995,Chayut,Suebka,007x,TH,98723.19,Arena of Valor,Multiplayer Online Battle Arena
60454,Parit,Pornrattanapitak,Difoxn,TH,90798.66,Arena of Valor,Multiplayer Online Battle Arena
60434,-,-,770,CN,89669.63,Arena of Valor,Multiplayer Online Battle Arena
54458,Eikapong,Korhonen,Tony,TH,86881.37,Arena of Valor,Multiplayer Online Battle Arena
60466,-,-,Snow,CN,86666.67,Arena of Valor,Multiplayer Online Battle Arena
54454,Siwa,Noomai,JOMWick,TH,74492.23,Arena of Valor,Multiplayer Online Battle Arena
53997,Hyung Min,Kim,Chaser,KR,71604.67,Arena of Valor,Multiplayer Online Battle Arena
60468,-,-,YANG,CN,66666.67,Arena of Valor,Multiplayer Online Battle Arena
70307,-,-,行星,CN,65922.73,Arena of Valor,Multiplayer Online Battle Arena
70308,-,-,轻雨,CN,65922.73,Arena of Valor,Multiplayer Online Battle Arena
70309,-,-,久龙,CN,65922.73,Arena of Valor,Multiplayer Online Battle Arena
70310,-,-,北岛,CN,65922.73,Arena of Valor,Multiplayer Online Battle Arena
70311,-,-,暮色,CN,65922.73,Arena of Valor,Multiplayer Online Battle Arena
70312,-,-,久诚,CN,65922.73,Arena of Valor,Multiplayer Online Battle Arena
70313,-,-,月色,CN,65922.73,Arena of Valor,Multiplayer Online Battle Arena
70314,-,-,柠栀,CN,65922.73,Arena of Valor,Multiplayer Online Battle Arena
70315,-,-,最初,CN,65922.73,Arena of Valor,Multiplayer Online Battle Arena
70316,-,-,尘夏,CN,65922.73,Arena of Valor,Multiplayer Online Battle Arena
70317,-,-,阿可,CN,65922.73,Arena of Valor,Multiplayer Online Battle Arena
60455,Metasit,Leelapipatkul,Moowan,TH,61228.35,Arena of Valor,Multiplayer Online Battle Arena
78285,Satittirat,Chetnarong,Overfly,TH,58200.95,Arena of Valor,Multiplayer Online Battle Arena
60412,-,-,NingZhi,CN,58160.23,Arena of Valor,Multiplayer Online Battle Arena
60413,-,-,JiuLong,CN,58160.23,Arena of Valor,Multiplayer Online Battle Arena
60414,-,-,JiuC,CN,58160.23,Arena of Valor,Multiplayer Online Battle Arena
60415,-,-,ChenXia,CN,58160.23,Arena of Valor,Multiplayer Online Battle Arena
60416,-,-,ZuiChu,CN,58160.23,Arena of Valor,Multiplayer Online Battle Arena
60456,Sorachat,Janechaijitravanit,Getsrch,TH,57378.78,Arena of Valor,Multiplayer Online Battle Arena
68648,-,-,BLUENOPING,TH,56270.18,Arena of Valor,Multiplayer Online Battle Arena
36696,Kawee,Wachiraphas,MeMarkz,TH,55685.67,Arena of Valor,Multiplayer Online Battle Arena
18456,Pakinai,Srivijarn,kSsA,TH,54159.21,Arena of Valor,Multiplayer Online Battle Arena
16556,Sorawat,Boonphrom,Moss,TH,54156.23,Arena of Valor,Multiplayer Online Battle Arena
54034,Piyapong,Proathaisong,Taoz,TH,52118.54,Arena of Valor,Multiplayer Online Battle Arena
16554,Patara,Bhatarabhirom,Cherie,TH,51203.24,Arena of Valor,Multiplayer Online Battle Arena
9916,Nutdanai,Rungruang,MrSunz,TH,47549.95,Arena of Valor,Multiplayer Online Battle Arena
70622,-,-,Giao,CN,46891.35,Arena of Valor,Multiplayer Online Battle Arena
69659,-,-,Munez,TH,46641.1,Arena of Valor,Multiplayer Online Battle Arena
79580,Pasu,Yensabai,Erez,TH,46258.63,Arena of Valor,Multiplayer Online Battle Arena
60453,Methus,Meechom,Nt,TH,45995.54,Arena of Valor,Multiplayer Online Battle Arena
54011,Sirichai,Sukpan,ReMix,TH,44916.44,Arena of Valor,Multiplayer Online Battle Arena
79579,Pakkapon,Saethong,IpodPro,TH,44591.96,Arena of Valor,Multiplayer Online Battle Arena
78046,-,-,Mojo,CN,43264.58,Arena of Valor,Multiplayer Online Battle Arena
53970,-,-,Chichi,TW,42482.43,Arena of Valor,Multiplayer Online Battle Arena
53971,-,-,Genji,TW,42482.43,Arena of Valor,Multiplayer Online Battle Arena
53972,-,-,Hanzo,TW,42482.43,Arena of Valor,Multiplayer Online Battle Arena
53973,-,-,Liang,TW,42482.43,Arena of Valor,Multiplayer Online Battle Arena
53974,-,-,Sirenia,TW,42482.43,Arena of Valor,Multiplayer Online Battle Arena
54012,Denchai,Eampaojeen,JameCo,TH,41144.36,Arena of Valor,Multiplayer Online Battle Arena
75020,Aum,Chatchanapong,Happy,TH,40376.87,Arena of Valor,Multiplayer Online Battle Arena
60463,Hsing Cheng,Lu,Heroes,TW,38892.33,Arena of Valor,Multiplayer Online Battle Arena
60570,-,-,六点六,CN,36171.67,Arena of Valor,Multiplayer Online Battle Arena
60571,-,-,小兽,CN,36171.67,Arena of Valor,Multiplayer Online Battle Arena
60572,-,-,小剑,CN,36171.67,Arena of Valor,Multiplayer Online Battle Arena
60573,-,-,居居,CN,36171.67,Arena of Valor,Multiplayer Online Battle Arena
60437,-,-,Core,KR,35049.38,Arena of Valor,Multiplayer Online Battle Arena
53976,-,-,PS Man,VN,34811.67,Arena of Valor,Multiplayer Online Battle Arena
54030,Matt,Stover,Mts,US,34190.6,Arena of Valor,Multiplayer Online Battle Arena
60462,Chi Kang,Chuang,XiXi,TW,33892.33,Arena of Valor,Multiplayer Online Battle Arena
60464,Sung Lin,Hsieh,Wayn,TW,33892.33,Arena of Valor,Multiplayer Online Battle Arena
53975,-,-,Lulala,TW,33333.33,Arena of Valor,Multiplayer Online Battle Arena
1297,Hyo Jong,Kim,horror,KR,31489.38,Arena of Valor,Multiplayer Online Battle Arena
60438,-,-,JY,KR,31489.38,Arena of Valor,Multiplayer Online Battle Arena
60439,-,-,YK,KR,29676,Arena of Valor,Multiplayer Online Battle Arena
78151,-,-,Xuan,MY,28860,Arena of Valor,Multiplayer Online Battle Arena
60436,-,-,Sweet,KR,28816,Arena of Valor,Multiplayer Online Battle Arena
54450,Chanapol,Siri,Sky,TH,28083.35,Arena of Valor,Multiplayer Online Battle Arena
60430,-,-,KOKO,CN,27580.07,Arena of Valor,Multiplayer Online Battle Arena
21212,Chattrakarn,Parichatkun,Erl2oR,TH,27074.4,Arena of Valor,Multiplayer Online Battle Arena
78152,-,-,Chen,CN,26695.5,Arena of Valor,Multiplayer Online Battle Arena
83083,Yu-Yan,Su,GaDuo,TW,26666.67,Arena of Valor,Multiplayer Online Battle Arena
83084,Tseng-Yung,Chun,Kato,TW,26666.67,Arena of Valor,Multiplayer Online Battle Arena
83085,En Hao,Chen,Gua,TW,26666.67,Arena of Valor,Multiplayer Online Battle Arena
70343,-,-,Rain,TW,26645,Arena of Valor,Multiplayer Online Battle Arena
12241,Komklit,Wongsawat,O7T-V1,TH,25941.03,Arena of Valor,Multiplayer Online Battle Arena
69797,-,-,139,CN,24171.67,Arena of Valor,Multiplayer Online Battle Arena
7517,Thijs,Molendijk,Thijs,NL,491418.66,Hearthstone,Collectible Card Game
11132,Wei Lin,Chen,tom60229,TW,442877.87,Hearthstone,Collectible Card Game
17887,Pavel,Beltiukov,Pavel,RU,347798,Hearthstone,Collectible Card Game
39487,Casper,Notto,Hunterace,NO,341931.16,Hearthstone,Collectible Card Game
10605,Jung Soo,Kim,Surrender,KR,316781.57,Hearthstone,Collectible Card Game
28337,Raphael,Peltzer,BunnyHoppor,DE,312987.23,Hearthstone,Collectible Card Game
30870,Bin,Zhou,Jasonzhou,CN,296734.75,Hearthstone,Collectible Card Game
30871,-,-,XHope,CN,293345.18,Hearthstone,Collectible Card Game
14151,Jon,Westberg,Orange,SE,291115.88,Hearthstone,Collectible Card Game
29441,Frank,Zhang,fr0zen,US,284382.26,Hearthstone,Collectible Card Game
29787,Brian,Eason,bloodyface,US,279875,Hearthstone,Collectible Card Game
9886,Aleksandr,Malsh,Kolento,UA,273654.46,Hearthstone,Collectible Card Game
11584,James,Kostesich,Firebat,US,269053.1,Hearthstone,Collectible Card Game
47080,Sato,Kenta,glory,JP,238550,Hearthstone,Collectible Card Game
45851,Xiao Meng,Li,Liooon,CN,238010,Hearthstone,Collectible Card Game
11897,David,Caero,Dog,US,229488.39,Hearthstone,Collectible Card Game
32352,Torben,Wahl,Viper,DE,227550,Hearthstone,Collectible Card Game
16254,Ryan,Murphy-Root,Purple,CA,220418.33,Hearthstone,Collectible Card Game
28333,Artem,Kravets',DrHippi,UA,210416.67,Hearthstone,Collectible Card Game
8377,Dima,Radu,Rdu,RO,204049.56,Hearthstone,Collectible Card Game
28468,Euneil,Javiñas,Staz,PH,193860.89,Hearthstone,Collectible Card Game
16026,Frederik Høj,Nielsen,Hoej,DK,171767.15,Hearthstone,Collectible Card Game
28107,Vladislav,Sinotov,SilverName,RU,170027.04,Hearthstone,Collectible Card Game
16252,Muzahidul,I.,Muzzy,US,167590.47,Hearthstone,Collectible Card Game
12110,Xieyu,Wang,Tiddler Celestial,CN,165348.34,Hearthstone,Collectible Card Game
29758,Jaromír,Vyskočil,Jarla,CZ,162017.51,Hearthstone,Collectible Card Game
7525,Sebastian,Bentert,Xixo,DE,156103.11,Hearthstone,Collectible Card Game
39983,Kaan,Çekli,Fujitora,TR,155778.27,Hearthstone,Collectible Card Game
7520,Sebastian,Engwall,Ostkaka,SE,153199.92,Hearthstone,Collectible Card Game
20918,David,Shan,JustSaiyan,US,153062.5,Hearthstone,Collectible Card Game
41753,Eddie,Lui,Seohyun,CA,151117.2,Hearthstone,Collectible Card Game
28238,Lin,Zheng,OmegaZero,CN,139425.79,Hearthstone,Collectible Card Game
10950,Adrian,Koy,Lifecoach,DE,136530.19,Hearthstone,Collectible Card Game
17274,Hyun Jae,Jang,Dawn,KR,135189.54,Hearthstone,Collectible Card Game
33382,Cheon Su,Kim,Che0nsu,KR,133715,Hearthstone,Collectible Card Game
61463,Guan,Zhendong,Jing,CN,131560,Hearthstone,Collectible Card Game
43782,-,-,Leaoh,CN,125458.59,Hearthstone,Collectible Card Game
14549,Bohan,Zhang,Lovelychook,CN,122179.36,Hearthstone,Collectible Card Game
30003,Kevin,Eberlein,Casie,DE,121712.5,Hearthstone,Collectible Card Game
35958,Théo,Dumont,Felkeine,FR,121255.92,Hearthstone,Collectible Card Game
11589,Eugene,Shumilin,Neirea,UA,121248.17,Hearthstone,Collectible Card Game
22550,Alexey,Barsukov,ShtanUdachi,RU,117466.67,Hearthstone,Collectible Card Game
23913,William,Barton,Amnesiac,US,114725,Hearthstone,Collectible Card Game
32363,Jerome,Faucher,Monsanto,CA,110925,Hearthstone,Collectible Card Game
15114,Paul,Nemeth,Zalae,US,110141.67,Hearthstone,Collectible Card Game
1244,Cong,Shu,StrifeCro,US,106314.27,Hearthstone,Collectible Card Game
38403,Mihai,Dragalin,languagehacker,CA,102887.5,Hearthstone,Collectible Card Game
12141,Bo,Li,LiBo,CN,100759.37,Hearthstone,Collectible Card Game
30162,Julien,Perrault-Harvey,Cydonia,CA,97593.92,Hearthstone,Collectible Card Game
17271,Il Mook,Kang,handsomeguy,KR,97479,Hearthstone,Collectible Card Game
14270,Shengyuan,Luo,Roger,TW,96719.1,Hearthstone,Collectible Card Game
30561,Chris,Tsakopoulos,Fenomeno,GR,94073,Hearthstone,Collectible Card Game
32359,Edwin,Cook,HotMEOWTH,US,91550,Hearthstone,Collectible Card Game
43794,Juwei,Wu,XiaoT,CN,89346.12,Hearthstone,Collectible Card Game
37063,Tsu Lin,Tsao,SamuelTsao,TW,89250,Hearthstone,Collectible Card Game
23558,Kacper,Kwieciński,A83650,PL,87636.14,Hearthstone,Collectible Card Game
50884,Zong Chang,Wu,BloodTrail,TW,86250,Hearthstone,Collectible Card Game
45830,Wataru,Ishibashi,posesi,JP,84196,Hearthstone,Collectible Card Game
47728,Zakarya,Hail,xBlyzes,FR,83373.91,Hearthstone,Collectible Card Game
30167,Francisco,Leimontas,PNC,AR,82409.24,Hearthstone,Collectible Card Game
33663,Tsz Kin,Lo,kin0531,HK,81932,Hearthstone,Collectible Card Game
25983,George,Webb,BoarControl,GB,80924.07,Hearthstone,Collectible Card Game
14148,Keaton,Gill,Chakki,US,80338.22,Hearthstone,Collectible Card Game
15615,Ole,Batyrbekov,Naiman,KZ,79671.53,Hearthstone,Collectible Card Game
39850,Tyler,Hoang Nguyen,Tylerootd,NL,78375,Hearthstone,Collectible Card Game
25030,Jan,Janßen,SuperJJ,DE,77943.68,Hearthstone,Collectible Card Game
37062,-,-,DocPwn,CA,77433.33,Hearthstone,Collectible Card Game
50877,Yashima,Nozomi,Alutemu,JP,76675,Hearthstone,Collectible Card Game
33858,Thomas,Zimmer,Sintolol,DE,76346.78,Hearthstone,Collectible Card Game
33381,Songyang,Zhao,Hamster,CN,74382.47,Hearthstone,Collectible Card Game
36818,David,Acosta,killinallday,US,73575,Hearthstone,Collectible Card Game
7139,Jeffrey,Shih,Trump,US,72637.5,Hearthstone,Collectible Card Game
15703,Facu,Pruzzo,Nalguidan,AR,70750,Hearthstone,Collectible Card Game
29789,Edward,Goodwin,Gallon213,US,70216,Hearthstone,Collectible Card Game
17263,Chen,Yuxiang,Breath,CN,69487.73,Hearthstone,Collectible Card Game
61464,-,-,Yueying,CN,68162.5,Hearthstone,Collectible Card Game
71040,Jack,Bancroft,DeadDraw,GB,67950,Hearthstone,Collectible Card Game
15803,Stanislav,Cifka,StanCifka,CZ,67096.88,Hearthstone,Collectible Card Game
12108,Baek,Hak Jun,Kranich,KR,66835.51,Hearthstone,Collectible Card Game
12107,Hyun Soo,Cho,Flurry,KR,66730.8,Hearthstone,Collectible Card Game
49179,Martin,Prête,Zhym,FR,65702.33,Hearthstone,Collectible Card Game
21541,Louis,Bremers,Mitsuhide,NL,64140.31,Hearthstone,Collectible Card Game
46854,Michael,Luker,Luker,CA,63000,Hearthstone,Collectible Card Game
8376,Jason,Chan,Amaz,HK,62704.15,Hearthstone,Collectible Card Game
12793,Jeffrey,Liu,Tarei,US,62454.4,Hearthstone,Collectible Card Game
7398,Jan,Palys,Ek0p,DE,60165.48,Hearthstone,Collectible Card Game
12083,Xiao,Feng,Icefox,CN,59309.9,Hearthstone,Collectible Card Game
28465,Sang Hyeon,Baek,DDaHyoNi,KR,58436,Hearthstone,Collectible Card Game
22276,Dylan,Mullins,Hotform,CA,56250,Hearthstone,Collectible Card Game
32353,Chun Pong,Ng,Yulsic,HK,54812,Hearthstone,Collectible Card Game
13968,Li,Heyang,Sword,CN,54320.72,Hearthstone,Collectible Card Game
21254,Simon,Raunholst,Crane,DK,53526.12,Hearthstone,Collectible Card Game
29438,Anthony,Trevino,Ant,US,52375,Hearthstone,Collectible Card Game
38798,-,-,Trunks,CN,51231.7,Hearthstone,Collectible Card Game
8321,Petar,Stevanovic,Gaara,DE,51059.59,Hearthstone,Collectible Card Game
7400,Janne,Mikkonen,Savjz,FI,50734.44,Hearthstone,Collectible Card Game
3255,Drew,Biessener,Tidesoftime,US,50449.6,Hearthstone,Collectible Card Game
49164,Simone,Liguori,Leta,IT,49300,Hearthstone,Collectible Card Game
43043,Mike,Eichner,Ike,US,48550,Hearthstone,Collectible Card Game
1100,Jeffrey,Brusi,SjoW,SE,47973.61,Hearthstone,Collectible Card Game
